open,high,low,close,5. volume,market cap
41757.51000000,41935.05000000,41748.03000000,41854.99000000,859.22676000,859.22676000
40917.89000000,42325.02000000,40135.04000000,41757.51000000,45408.00969000,45408.00969000
41114.01000000,41478.82000000,40500.00000000,40917.90000000,37189.38087000,37189.38087000
39280.33000000,41718.00000000,38828.48000000,41114.00000000,88120.76167000,88120.76167000
39671.37000000,39887.61000000,38098.33000000,39280.33000000,46015.54926000,46015.54926000
37777.35000000,39947.12000000,37555.00000000,39671.37000000,46945.45375000,46945.45375000
38807.35000000,39310.00000000,37578.51000000,37777.34000000,32791.82359000,32791.82359000
38729.57000000,39486.71000000,38660.52000000,38807.36000000,24034.36432000,24034.36432000
39422.01000000,40236.26000000,38223.60000000,38729.57000000,59018.76420000,59018.76420000
41941.70000000,42039.63000000,38539.73000000,39422.00000000,71950.25677000,71950.25677000
38730.63000000,42594.06000000,38656.45000000,41941.71000000,67392.58799000,67392.58799000
37988.01000000,39362.08000000,37867.65000000,38730.63000000,55528.43367000,55528.43367000
38420.80000000,39547.57000000,37155.00000000,37988.00000000,63941.20316000,63941.20316000
39397.97000000,39693.87000000,38088.57000000,38420.81000000,39677.26158000,39677.26158000
39148.65000000,39613.24000000,38407.59000000,39397.96000000,30363.13341000,30363.13341000
42454.00000000,42527.30000000,38550.00000000,39148.66000000,61964.68498000,61964.68498000
43892.99000000,44101.12000000,41832.28000000,42454.00000000,50940.61021000,50940.61021000
44421.20000000,45400.00000000,43334.09000000,43892.98000000,57782.65081000,57782.65081000
43160.00000000,44949.00000000,42809.98000000,44421.20000000,61743.09873000,61743.09873000
37699.08000000,44225.84000000,37450.17000000,43160.00000000,73945.63858000,73945.63858000
39116.73000000,39855.70000000,37000.00000000,37699.07000000,46229.44719000,46229.44719000
39219.16000000,40348.45000000,38573.18000000,39116.72000000,29361.25680000,29361.25680000
38328.68000000,39683.53000000,38014.37000000,39219.17000000,56574.57125000,56574.57125000
37250.02000000,39843.00000000,34322.28000000,38327.21000000,120476.29458000,120476.29458000
38230.33000000,39249.93000000,37036.79000000,37250.01000000,43560.73200000,43560.73200000
37008.16000000,38429.00000000,36350.00000000,38230.33000000,53785.94589000,53785.94589000
38386.89000000,39494.35000000,36800.00000000,37008.16000000,62347.68496000,62347.68496000
40079.17000000,40125.44000000,38000.00000000,38386.89000000,33439.29011000,33439.29011000
39974.45000000,40444.32000000,39639.03000000,40079.17000000,18042.05510000,18042.05510000
40515.71000000,40959.88000000,39450.00000000,39974.44000000,43845.92241000,43845.92241000
43873.56000000,44164.71000000,40073.21000000,40515.70000000,47245.99494000,47245.99494000
44544.85000000,44549.97000000,43307.00000000,43873.56000000,28471.87270000,28471.87270000
42535.94000000,44751.40000000,42427.03000000,44544.86000000,38095.19576000,38095.19576000
42053.65000000,42842.40000000,41550.56000000,42535.94000000,34010.13060000,34010.13060000
42217.87000000,42760.00000000,41870.00000000,42053.66000000,17732.08113000,17732.08113000
42373.73000000,43079.49000000,41688.88000000,42217.87000000,26556.85681000,26556.85681000
43495.44000000,43920.00000000,41938.51000000,42373.73000000,44975.16870000,44975.16870000
44372.71000000,45821.00000000,43174.01000000,43495.44000000,62357.29091000,62357.29091000
44043.00000000,44799.00000000,43117.92000000,44372.72000000,34428.16729000,34428.16729000
43839.99000000,45492.00000000,42666.00000000,44042.99000000,64880.29387000,64880.29387000
42380.87000000,44500.50000000,41645.85000000,43839.99000000,51060.62006000,51060.62006000
41382.60000000,42656.00000000,41116.56000000,42380.87000000,22405.16704000,22405.16704000
41571.70000000,41913.69000000,40843.01000000,41382.59000000,32532.34372000,32532.34372000
37311.98000000,41772.33000000,37026.73000000,41574.25000000,64703.95874000,64703.95874000
36896.37000000,37387.00000000,36250.00000000,37311.61000000,32081.10999000,32081.10999000
38694.59000000,38855.92000000,36586.95000000,36896.36000000,35794.68130000,35794.68130000
38466.90000000,39265.20000000,38000.00000000,38694.59000000,34574.44663000,34574.44663000
37881.75000000,38744.00000000,36632.61000000,38466.90000000,36855.24580000,36855.24580000
38166.83000000,38359.26000000,37351.63000000,37881.76000000,21430.66527000,21430.66527000
37716.57000000,38720.74000000,37268.44000000,38166.84000000,26129.49682000,26129.49682000
37160.11000000,38000.00000000,36155.01000000,37716.56000000,42154.26956000,42154.26956000
36807.24000000,37234.47000000,35507.01000000,37160.10000000,53020.87934000,53020.87934000
36958.32000000,38919.98000000,36234.63000000,36809.34000000,69830.16036000,69830.16036000
36660.35000000,37545.14000000,35701.00000000,36958.32000000,49232.40183000,49232.40183000
36244.55000000,37550.00000000,32917.17000000,36660.35000000,91904.75321100,91904.75321100
35071.42000000,36499.00000000,34601.01000000,36244.55000000,44279.52354000,44279.52354000
36445.31000000,36835.22000000,34008.00000000,35071.42000000,90471.33896100,90471.33896100
40680.92000000,41100.00000000,35440.45000000,36445.31000000,88860.89199900,88860.89199900
41660.00000000,43505.00000000,40553.31000000,40680.91000000,42330.33953000,42330.33953000
42352.12000000,42559.13000000,41138.56000000,41660.01000000,31685.72159000,31685.72159000
42201.63000000,42691.00000000,41250.00000000,42352.12000000,29324.08257000,29324.08257000
43071.66000000,43176.18000000,41540.42000000,42201.62000000,27562.08613000,27562.08613000
43084.29000000,43475.00000000,42581.79000000,43071.66000000,20602.35271000,20602.35271000
43059.96000000,43800.00000000,42555.00000000,43084.29000000,21936.05616000,21936.05616000
42558.35000000,43448.78000000,41725.95000000,43059.96000000,32640.88292000,32640.88292000
43902.65000000,44500.00000000,42311.22000000,42560.11000000,34910.87762000,34910.87762000
42729.29000000,44322.00000000,42450.00000000,43902.66000000,33943.29280000,33943.29280000
41822.49000000,43100.00000000,41268.93000000,42729.29000000,37296.43729000,37296.43729000
41864.62000000,42248.50000000,39650.00000000,41822.49000000,50729.17019000,50729.17019000
41679.74000000,42786.70000000,41200.02000000,41864.62000000,22724.39426000,22724.39426000
41566.48000000,42300.00000000,40501.00000000,41679.74000000,32952.73111000,32952.73111000
43082.30000000,43145.83000000,40610.00000000,41566.48000000,54836.50818000,54836.50818000
43451.14000000,43816.00000000,42430.58000000,43082.31000000,38880.37305000,38880.37305000
45832.01000000,47070.00000000,42500.00000000,43451.13000000,51784.11857000,51784.11857000
46446.10000000,47557.54000000,45500.00000000,45832.01000000,35491.41360000,35491.41360000
47286.18000000,47570.00000000,45696.00000000,46446.10000000,27662.07710000,27662.07710000
47722.66000000,47990.00000000,46654.00000000,47286.18000000,18340.46040000,18340.46040000
46216.93000000,47954.63000000,46208.37000000,47722.65000000,19604.46325000,19604.46325000
47120.88000000,48548.26000000,45678.00000000,46216.93000000,34937.99796000,34937.99796000
46464.66000000,47900.00000000,45900.00000000,47120.87000000,30352.29569000,30352.29569000
47543.74000000,48139.08000000,46096.99000000,46464.66000000,39498.87000000,39498.87000000
50701.44000000,50704.05000000,47313.01000000,47543.74000000,45853.33924000,45853.33924000
50775.48000000,52088.00000000,50449.00000000,50701.44000000,28783.57561000,28783.57561000
50399.67000000,51280.00000000,49412.00000000,50775.49000000,22569.88914000,22569.88914000
50819.99000000,51156.23000000,50142.32000000,50399.66000000,19135.51613000,19135.51613000
50838.82000000,51810.00000000,50384.43000000,50820.00000000,31684.84269000,31684.84269000
48588.17000000,51375.00000000,47920.42000000,50838.81000000,35192.54046000,35192.54046000
48887.59000000,49576.13000000,48421.87000000,48588.16000000,27004.20220000,27004.20220000
46914.17000000,49328.96000000,46630.00000000,48889.88000000,37713.92924000,37713.92924000
46681.24000000,47537.57000000,45558.85000000,46914.16000000,35848.50609000,35848.50609000
46834.47000000,48300.01000000,46406.91000000,46681.23000000,29305.70665000,29305.70665000
46133.83000000,47392.37000000,45500.00000000,46834.48000000,25020.05271000,25020.05271000
47632.38000000,47995.96000000,45456.00000000,46131.20000000,43104.48870000,43104.48870000
48864.98000000,49436.43000000,47511.00000000,47632.38000000,31949.86739000,31949.86739000
48336.95000000,49500.00000000,46547.00000000,48864.98000000,51629.18100000,51629.18100000
46702.76000000,48700.41000000,46290.00000000,48343.28000000,39955.98445000,39955.98445000
50053.90000000,50189.97000000,45672.75000000,46702.75000000,50869.52093000,50869.52093000
49389.99000000,50777.00000000,48638.00000000,50053.90000000,26017.93421000,26017.93421000
47140.54000000,49485.71000000,46751.00000000,49389.99000000,28889.19358000,28889.19358000
47535.90000000,50125.00000000,46852.00000000,47140.54000000,44233.57391000,44233.57391000
50471.19000000,50797.76000000,47320.00000000,47545.59000000,37692.68665000,37692.68665000
50588.95000000,51200.00000000,48600.00000000,50471.19000000,38425.92466000,38425.92466000
50441.91000000,51936.33000000,50039.74000000,50588.95000000,38253.46877000,38253.46877000
49396.32000000,50891.11000000,47100.00000000,50441.92000000,58571.21575000,58571.21575000
49152.46000000,49699.05000000,47727.21000000,49396.33000000,45580.82012000,45580.82012000
53601.05000000,53859.10000000,42000.30000000,49152.47000000,114203.37374800,114203.37374800
56484.26000000,57600.00000000,51680.00000000,53601.05000000,58927.69027000,58927.69027000
57184.07000000,57375.47000000,55777.77000000,56480.34000000,37574.05976000,37574.05976000
56950.56000000,59053.55000000,56458.01000000,57184.07000000,44956.63656000,44956.63656000
57776.25000000,59176.99000000,55875.55000000,56950.56000000,49161.05194000,49161.05194000
57274.89000000,58865.97000000,56666.67000000,57776.25000000,40125.28009000,40125.28009000
54716.47000000,57445.05000000,53256.64000000,57274.88000000,36163.71370000,36163.71370000
53723.72000000,55280.00000000,53610.00000000,54721.03000000,29716.99957000,29716.99957000
58960.37000000,59150.00000000,53500.00000000,53726.53000000,65927.87066000,65927.87066000
57138.29000000,59398.90000000,57000.00000000,58960.36000000,42153.51522000,42153.51522000
57541.26000000,57735.00000000,55837.00000000,57138.29000000,39612.04964000,39612.04964000
56243.83000000,58009.99000000,55317.00000000,57541.27000000,49917.85017000,49917.85017000
58617.70000000,59444.00000000,55610.00000000,56247.18000000,51724.32047000,51724.32047000
59707.52000000,60029.76000000,58486.65000000,58622.02000000,31902.22785000,31902.22785000
58057.10000000,59845.00000000,57353.00000000,59707.51000000,33811.59010000,33811.59010000
56891.62000000,58320.00000000,55600.00000000,58052.24000000,50715.88726000,50715.88726000
60344.86000000,60976.00000000,56474.26000000,56891.62000000,62146.99931000,62146.99931000
60058.87000000,60840.23000000,58373.00000000,60344.87000000,46289.38491000,46289.38491000
63606.73000000,63617.31000000,58574.07000000,60058.87000000,77455.15609000,77455.15609000
65519.11000000,66401.82000000,63400.00000000,63606.74000000,37829.37124000,37829.37124000
64380.01000000,65550.51000000,63576.27000000,65519.10000000,25705.07347000,25705.07347000
64122.22000000,65000.00000000,63360.22000000,64380.00000000,22504.97383000,22504.97383000
64774.25000000,65450.70000000,62278.00000000,64122.23000000,44490.10816000,44490.10816000
64882.42000000,65600.07000000,64100.00000000,64774.26000000,37237.98058000,37237.98058000
66947.67000000,69000.00000000,62822.90000000,64882.43000000,65171.50404600,65171.50404600
67525.82000000,68524.25000000,66222.40000000,66947.66000000,44661.37806800,44661.37806800
63273.58000000,67789.00000000,63273.58000000,67525.83000000,54442.09455400,54442.09455400
61470.62000000,63286.35000000,61322.78000000,63273.59000000,25515.68830000,25515.68830000
60940.18000000,61560.49000000,60050.00000000,61470.61000000,25590.57408000,25590.57408000
61395.01000000,62595.72000000,60721.00000000,60937.12000000,31604.48749000,31604.48749000
62896.49000000,63086.31000000,60677.01000000,61395.01000000,35930.93314000,35930.93314000
63220.57000000,63500.00000000,60382.76000000,62896.48000000,43336.09049000,43336.09049000
60911.12000000,64270.00000000,60624.68000000,63219.99000000,46368.28410000,46368.28410000
61299.81000000,62437.74000000,59405.00000000,60911.11000000,44687.66672000,44687.66672000
61859.19000000,62405.30000000,59945.36000000,61299.80000000,39267.63794000,39267.63794000
62253.70000000,62359.25000000,60673.00000000,61859.19000000,31478.12566000,31478.12566000
60575.90000000,62980.00000000,60174.81000000,62253.71000000,43973.90414000,43973.90414000
58413.44000000,62499.00000000,57820.00000000,60575.89000000,61056.35301000,61056.35301000
60328.81000000,61496.00000000,58000.00000000,58413.44000000,62124.49016000,62124.49016000
63078.78000000,63293.48000000,59817.55000000,60328.81000000,40217.50083000,40217.50083000
60852.22000000,63710.63000000,60650.00000000,63078.78000000,36853.83806000,36853.83806000
61286.75000000,61500.00000000,59510.63000000,60852.22000000,31226.57676000,31226.57676000
60688.23000000,61747.64000000,59562.15000000,61286.75000000,27626.93678000,27626.93678000
62193.15000000,63732.39000000,60000.00000000,60688.22000000,52119.35886000,52119.35886000
66001.40000000,66639.74000000,62000.00000000,62193.15000000,68538.64537000,68538.64537000
64280.59000000,67000.00000000,63481.40000000,66001.41000000,51428.93485600,51428.93485600
62005.60000000,64486.00000000,61322.22000000,64280.59000000,53628.10774400,53628.10774400
61528.32000000,62695.78000000,59844.45000000,62009.84000000,51798.44844000,51798.44844000
60875.57000000,61718.39000000,58963.00000000,61528.33000000,39099.24124000,39099.24124000
61672.42000000,62378.42000000,60150.00000000,60875.57000000,35467.88096000,35467.88096000
57347.94000000,62933.00000000,56850.00000000,61672.42000000,82512.90802200,82512.90802200
57370.83000000,58532.54000000,56818.05000000,57347.94000000,43053.33678100,43053.33678100
55996.91000000,57777.00000000,54167.19000000,57367.00000000,55808.44492000,55808.44492000
57471.35000000,57680.00000000,53879.00000000,55996.93000000,53471.28550000,53471.28550000
54659.01000000,57839.04000000,54415.06000000,57471.35000000,52933.16575100,52933.16575100
54949.72000000,56561.31000000,54080.00000000,54659.00000000,89237.83612800,89237.83612800
53955.67000000,55489.00000000,53661.67000000,54949.72000000,55177.08013000,55177.08013000
53785.22000000,56100.00000000,53617.61000000,53951.43000000,46160.25785000,46160.25785000
55315.00000000,55332.31000000,53357.00000000,53785.22000000,54917.37766000,54917.37766000
51471.99000000,55750.00000000,50382.41000000,55315.00000000,79877.54518100,79877.54518100
49224.93000000,51886.30000000,49022.40000000,51471.99000000,52125.66793000,52125.66793000
48200.01000000,49536.12000000,46891.00000000,49224.94000000,46796.49372000,46796.49372000
47634.89000000,49228.08000000,47088.00000000,48200.01000000,30825.05601000,30825.05601000
48141.60000000,48336.59000000,47430.18000000,47634.90000000,30508.98131000,30508.98131000
43820.01000000,48495.00000000,43283.03000000,48141.61000000,66244.87492000,66244.87492000
41524.29000000,44141.37000000,41410.17000000,43824.10000000,46381.22781000,46381.22781000
41025.01000000,42590.00000000,40753.88000000,41524.28000000,33511.53487000,33511.53487000
42147.35000000,42787.38000000,40888.00000000,41026.54000000,43372.26240000,43372.26240000
43160.90000000,44350.00000000,42098.00000000,42147.35000000,39776.84383000,39776.84383000
42670.63000000,43950.00000000,40750.00000000,43160.90000000,49879.99765000,49879.99765000
42810.58000000,42966.84000000,41646.28000000,42670.64000000,33594.57189000,33594.57189000
44865.26000000,45200.00000000,40675.00000000,42810.57000000,84113.42629200,84113.42629200
43546.37000000,44978.00000000,43069.09000000,44865.26000000,48699.57655000,48699.57655000
40734.09000000,44000.55000000,40565.39000000,43543.61000000,58349.05542000,58349.05542000
43016.64000000,43639.00000000,39600.00000000,40734.38000000,84534.08048500,84534.08048500
47241.75000000,47347.25000000,42500.00000000,43015.62000000,78003.52444300,78003.52444300
48292.75000000,48372.83000000,46829.18000000,47241.75000000,29847.24349000,29847.24349000
47299.98000000,48843.20000000,47035.56000000,48292.74000000,30906.47038000,30906.47038000
47737.81000000,48150.00000000,46699.56000000,47299.98000000,34461.92776000,34461.92776000
48121.40000000,48557.00000000,47021.10000000,47737.82000000,40725.08895000,40725.08895000
47103.28000000,48500.00000000,46682.32000000,48121.41000000,43204.71174000,43204.71174000
44940.72000000,47250.00000000,44594.44000000,47111.52000000,44855.85099000,44855.85099000
46025.23000000,46880.00000000,43370.00000000,44940.73000000,65429.15056000,65429.15056000
45173.68000000,46460.00000000,44742.06000000,46025.24000000,32094.28052000,32094.28052000
44842.20000000,45987.93000000,44722.22000000,45173.69000000,30440.40810000,30440.40810000
46395.14000000,47033.00000000,44132.29000000,44850.91000000,49048.26618000,49048.26618000
46048.31000000,47399.97000000,45513.08000000,46395.14000000,50651.66002000,50651.66002000
46868.57000000,47340.99000000,44412.02000000,46048.31000000,65069.31520000,65069.31520000
52666.20000000,52920.00000000,42843.05000000,46863.73000000,123048.80271900,123048.80271900
51756.88000000,52780.00000000,50969.33000000,52663.90000000,49249.66708100,49249.66708100
49917.54000000,51900.00000000,49450.00000000,51756.88000000,40544.83587300,40544.83587300
49998.00000000,50535.69000000,49370.00000000,49915.64000000,34664.65959000,34664.65959000
49246.63000000,51000.00000000,48316.84000000,49999.14000000,59025.64415700,59025.64415700
48810.51000000,50450.13000000,48584.06000000,49246.64000000,54410.77053800,54410.77053800
47100.89000000,49156.00000000,46512.00000000,48810.52000000,49904.65528000,49904.65528000
46982.91000000,48246.11000000,46700.00000000,47100.89000000,48645.52737000,48645.52737000
48767.84000000,48888.61000000,46853.00000000,46982.91000000,40288.35083000,40288.35083000
48895.35000000,49632.27000000,47762.54000000,48767.83000000,32652.28347300,32652.28347300
49069.90000000,49299.00000000,48346.88000000,48895.35000000,26681.06378600,26681.06378600
46843.86000000,49149.93000000,46348.00000000,49069.90000000,42068.10496500,42068.10496500
48973.32000000,49352.84000000,46250.00000000,46843.87000000,49371.27777400,49371.27777400
47674.01000000,49264.30000000,47126.28000000,48973.32000000,44655.83034200,44655.83034200
49488.85000000,49860.00000000,47600.00000000,47674.01000000,51014.59474800,51014.59474800
49239.22000000,50500.00000000,49029.00000000,49488.85000000,52462.54195400,52462.54195400
48821.88000000,49500.00000000,48050.00000000,49239.22000000,37007.88779500,37007.88779500
49322.47000000,49757.04000000,48222.00000000,48821.87000000,46745.13658400,46745.13658400
46760.62000000,49382.99000000,46622.99000000,49322.47000000,56850.35222800,56850.35222800
44699.37000000,47033.00000000,43927.70000000,46760.62000000,53411.75392000,53411.75392000
44695.95000000,46000.00000000,44203.28000000,44705.29000000,54099.41598500,54099.41598500
45901.30000000,47160.00000000,44376.00000000,44695.95000000,57039.34162900,57039.34162900
46973.82000000,48053.83000000,45660.00000000,45901.29000000,52480.57401400,52480.57401400
47068.50000000,47372.27000000,45500.00000000,46973.82000000,42110.71133400,42110.71133400
47799.99000000,48144.00000000,45971.03000000,47068.51000000,46114.35902200,46114.35902200
44400.06000000,47886.00000000,44217.39000000,47800.00000000,48239.37043100,48239.37043100
45510.67000000,46218.12000000,43770.00000000,44399.00000000,55266.10878100,55266.10878100
45585.00000000,46743.47000000,45341.14000000,45511.00000000,52734.90197700,52734.90197700
46248.87000000,46700.00000000,44589.46000000,45584.99000000,53814.64342100,53814.64342100
43794.36000000,46454.15000000,42779.00000000,46253.40000000,74587.88484500,74587.88484500
44572.54000000,45310.00000000,43261.00000000,43794.37000000,69329.09269800,69329.09269800
42836.87000000,44700.00000000,42446.41000000,44572.54000000,73396.74080800,73396.74080800
40862.46000000,43392.43000000,39853.86000000,42836.87000000,75753.94134700,75753.94134700
39723.17000000,41350.00000000,37332.70000000,40862.46000000,84343.75562100,84343.75562100
38207.04000000,39969.66000000,37508.56000000,39723.18000000,52329.35243000,52329.35243000
39146.86000000,39780.00000000,37642.03000000,38207.05000000,57117.43585300,57117.43585300
39850.27000000,40480.01000000,38690.00000000,39147.82000000,50837.35195400,50837.35195400
41461.84000000,42599.00000000,39422.01000000,39845.44000000,53953.18632600,53953.18632600
42206.36000000,42448.00000000,41000.15000000,41461.83000000,44849.79101200,44849.79101200
40018.49000000,42316.71000000,38313.23000000,42206.37000000,73602.78480500,73602.78480500
40019.57000000,40640.00000000,39200.00000000,40016.48000000,53998.43928300,53998.43928300
39456.61000000,40900.00000000,38772.00000000,40019.56000000,101344.52844100,101344.52844100
37241.33000000,39542.61000000,36383.00000000,39457.87000000,88397.26701500,88397.26701500
35381.02000000,40550.00000000,35205.78000000,37237.60000000,152452.51272400,152452.51272400
34261.51000000,35398.00000000,33851.12000000,35381.02000000,47852.92831300,47852.92831300
33634.10000000,34500.00000000,33401.14000000,34258.14000000,47977.55013800,47977.55013800
32287.58000000,33650.00000000,31924.32000000,33634.09000000,50112.86362600,50112.86362600
32144.51000000,32591.35000000,31708.00000000,32287.83000000,46148.09243300,46148.09243300
29790.34000000,32858.00000000,29482.61000000,32144.51000000,82796.26512800,82796.26512800
30839.65000000,31063.07000000,29278.00000000,29790.35000000,61034.04901700,61034.04901700
31778.57000000,31899.00000000,30407.44000000,30839.65000000,47340.46849900,47340.46849900
31520.07000000,32435.00000000,31108.97000000,31778.56000000,35923.71618600,35923.71618600
31383.86000000,31955.92000000,31164.31000000,31520.07000000,34012.24213200,34012.24213200
31874.49000000,32249.18000000,31020.00000000,31383.87000000,48499.86415400,48499.86415400
32820.03000000,33185.25000000,31133.00000000,31880.00000000,51639.57635300,51639.57635300
32729.12000000,33114.03000000,31550.00000000,32820.02000000,46777.82348400,46777.82348400
33086.94000000,33340.00000000,32202.25000000,32729.77000000,41126.36100800,41126.36100800
34259.00000000,34678.43000000,32658.34000000,33086.63000000,48181.40376200,48181.40376200
33502.87000000,34666.00000000,33306.47000000,34258.99000000,31572.64744800,31572.64744800
33815.81000000,34262.00000000,33004.78000000,33502.87000000,34761.17546800,34761.17546800
32875.71000000,34100.00000000,32261.07000000,33815.81000000,47153.93989900,47153.93989900
33862.11000000,33929.64000000,32077.00000000,32875.71000000,70136.48032000,70136.48032000
34220.02000000,35059.09000000,33777.77000000,33862.12000000,53807.52167500,53807.52167500
33690.15000000,35118.88000000,33532.00000000,34220.01000000,58210.59634900,58210.59634900
35288.13000000,35293.78000000,33125.55000000,33690.14000000,64123.87424500,64123.87424500
34669.12000000,35967.85000000,34357.15000000,35286.51000000,43703.47578900,43703.47578900
33786.54000000,34945.61000000,33316.73000000,34669.13000000,43044.57864100,43044.57864100
33502.33000000,33977.04000000,32699.00000000,33786.55000000,56172.18137800,56172.18137800
35045.00000000,35057.57000000,32711.00000000,33504.69000000,71708.26611200,71708.26611200
35911.72000000,36100.00000000,34017.55000000,35045.00000000,77152.19763400,77152.19763400
34494.89000000,36600.00000000,34225.43000000,35911.73000000,90788.79622000,90788.79622000
34702.49000000,35297.71000000,33862.72000000,34494.89000000,82222.26781900,82222.26781900
32283.65000000,34749.00000000,31973.45000000,34700.34000000,96613.24421100,96613.24421100
31576.09000000,32730.00000000,30151.00000000,32283.65000000,107820.37528700,107820.37528700
34663.08000000,35500.00000000,31275.00000000,31584.45000000,116061.13035600,116061.13035600
33675.07000000,35298.00000000,32286.57000000,34663.09000000,86625.80426000,86625.80426000
32509.56000000,34881.00000000,31683.00000000,33678.07000000,126966.10056300,126966.10056300
31614.12000000,33298.78000000,28805.00000000,32509.56000000,204208.17976200,204208.17976200
35600.17000000,35750.00000000,31251.23000000,31608.93000000,168778.87315900,168778.87315900
35483.72000000,36137.72000000,33336.00000000,35600.16000000,89878.17085000,89878.17085000
35820.48000000,36457.00000000,34803.52000000,35483.72000000,68712.44946100,68712.44946100
38092.97000000,38202.84000000,35129.29000000,35819.84000000,95228.04293500,95228.04293500
38349.00000000,39559.88000000,37365.00000000,38092.97000000,79541.30711900,79541.30711900
40143.80000000,40527.14000000,38116.01000000,38349.01000000,87771.97693700,87771.97693700
40516.28000000,41330.00000000,39506.40000000,40144.04000000,80679.62283800,80679.62283800
39020.56000000,41064.05000000,38730.00000000,40516.29000000,108522.39194900,108522.39194900
35546.12000000,39380.00000000,34757.00000000,39020.57000000,86921.02555500,86921.02555500
37331.98000000,37463.63000000,34600.36000000,35546.11000000,87717.54999000,87717.54999000
36677.83000000,37680.40000000,35936.77000000,37331.98000000,78466.00530000,78466.00530000
37388.05000000,38491.00000000,35782.00000000,36675.72000000,109527.28494300,109527.28494300
33380.80000000,37534.79000000,32396.82000000,37388.05000000,136607.59751700,136607.59751700
33556.96000000,34068.01000000,31000.00000000,33380.81000000,123251.18903700,123251.18903700
35796.31000000,36900.00000000,33300.00000000,33552.79000000,77574.95257300,77574.95257300
35516.07000000,36480.00000000,35222.00000000,35796.31000000,47650.20663700,47650.20663700
36829.15000000,37925.00000000,34800.00000000,35513.20000000,70459.62149000,70459.62149000
39246.78000000,39289.07000000,35555.15000000,36829.00000000,91317.79924500,91317.79924500
37568.68000000,39476.00000000,37170.00000000,39246.79000000,75889.10601100,75889.10601100
36694.85000000,38225.00000000,35920.00000000,37568.68000000,67587.37249500,67587.37249500
37253.82000000,37894.81000000,35666.00000000,36693.09000000,81234.66377000,81234.66377000
35641.26000000,37499.00000000,34153.84000000,37253.81000000,94160.73528900,94160.73528900
34605.15000000,36488.00000000,33379.00000000,35641.27000000,73535.38696700,73535.38696700
35661.79000000,37338.58000000,33632.76000000,34605.15000000,112663.09268900,112663.09268900
38529.99000000,38877.83000000,34684.00000000,35663.49000000,135377.62972000,135377.62972000
39241.92000000,40411.14000000,37134.27000000,38529.98000000,86547.15879400,86547.15879400
38324.72000000,40841.00000000,37800.44000000,39241.91000000,104780.77339600,104780.77339600
38810.99000000,39791.77000000,36419.62000000,38324.72000000,111996.22840400,111996.22840400
34681.44000000,39920.00000000,34031.00000000,38796.29000000,161630.89397100,161630.89397100
37458.51000000,38270.64000000,31111.01000000,34655.25000000,217136.04659300,217136.04659300
37263.35000000,38829.00000000,35200.62000000,37449.73000000,126542.24368900,126542.24368900
40525.39000000,42200.00000000,33488.00000000,37252.01000000,202100.88825800,202100.88825800
36671.23000000,42451.67000000,34850.00000000,40526.64000000,203017.59692300,203017.59692300
42849.78000000,43584.90000000,30000.00000000,36690.09000000,354347.24316100,354347.24316100
43538.02000000,45799.29000000,42250.02000000,42849.78000000,116979.86078400,116979.86078400
46426.83000000,46686.00000000,42001.00000000,43538.04000000,166657.17273600,166657.17273600
46762.99000000,49795.89000000,43825.39000000,46431.50000000,114269.81277500,114269.81277500
49844.16000000,50700.00000000,46555.00000000,46762.99000000,89437.44935900,89437.44935900
49671.92000000,51483.00000000,48799.75000000,49841.45000000,80082.20430600,80082.20430600
49537.15000000,51367.19000000,46000.00000000,49670.97000000,147332.00212100,147332.00212100
56670.02000000,58000.01000000,48600.00000000,49631.32000000,99842.78983600,99842.78983600
55816.14000000,56862.43000000,54370.00000000,56670.02000000,64329.54055000,64329.54055000
58240.83000000,59500.00000000,53400.00000000,55816.14000000,89586.34925000,89586.34925000
58866.53000000,59300.00000000,56235.66000000,58240.84000000,69806.11991000,69806.11991000
57315.49000000,59500.00000000,56900.00000000,58862.05000000,69709.90602800,69709.90602800
56393.68000000,58650.00000000,55241.63000000,57314.75000000,74542.74782900,74542.74782900
57436.11000000,58360.00000000,55200.00000000,56393.68000000,70181.67190800,70181.67190800
53205.05000000,58069.82000000,52900.00000000,57436.11000000,77263.92343900,77263.92343900
57169.39000000,57200.00000000,53046.69000000,53200.01000000,85324.62590300,85324.62590300
56578.21000000,58981.44000000,56435.00000000,57169.39000000,57649.93128600,57649.93128600
57797.35000000,57911.02000000,56035.25000000,56578.21000000,36812.87886300,36812.87886300
57697.25000000,58458.07000000,56956.14000000,57800.37000000,42600.35183600,42600.35183600
53555.00000000,57963.00000000,53013.01000000,57694.27000000,68578.91004500,68578.91004500
54846.23000000,55195.84000000,52330.94000000,53555.00000000,52486.01945500,52486.01945500
55011.97000000,56428.00000000,53813.16000000,54846.22000000,55130.45901500,55130.45901500
54001.38000000,55460.00000000,53222.00000000,55011.97000000,54064.03467500,54064.03467500
49066.76000000,54356.62000000,48753.44000000,54001.39000000,86310.80212400,86310.80212400
50047.84000000,50567.91000000,46930.00000000,49066.77000000,58255.64500400,58255.64500400
51110.56000000,51166.22000000,48657.14000000,50047.84000000,55361.51257300,55361.51257300
51690.95000000,52131.85000000,47500.00000000,51125.14000000,132230.78071900,132230.78071900
53787.62000000,55521.48000000,50500.00000000,51690.96000000,104656.63133700,104656.63133700
56425.00000000,56757.91000000,53536.02000000,53787.63000000,66984.75690900,66984.75690900
55633.14000000,57076.24000000,53329.96000000,56425.00000000,72744.48215100,72744.48215100
56150.01000000,57526.81000000,54221.58000000,55633.14000000,78229.04226700,78229.04226700
60006.67000000,60499.00000000,50931.30000000,56150.01000000,124882.13182400,124882.13182400
61334.81000000,62506.05000000,59580.91000000,60006.66000000,58912.25612800,58912.25612800
63158.74000000,63520.61000000,60000.00000000,61334.80000000,91764.13988400,91764.13988400
62959.53000000,63800.00000000,62020.00000000,63159.98000000,51649.70034000,51649.70034000
63575.01000000,64854.00000000,61301.00000000,62959.53000000,82616.34399300,82616.34399300
59860.01000000,63777.77000000,59805.15000000,63575.00000000,82848.68874600,82848.68874600
59998.80000000,61300.00000000,59350.59000000,59860.00000000,56375.03711700,56375.03711700
59769.13000000,60699.00000000,59232.52000000,60002.43000000,41156.71539100,41156.71539100
58142.55000000,61500.00000000,57900.01000000,59769.13000000,69906.42411700,69906.42411700
58077.52000000,58894.90000000,57654.00000000,58142.54000000,40831.88491100,40831.88491100
55953.44000000,58153.31000000,55700.00000000,58077.52000000,44283.14701900,44283.14701900
57990.03000000,58655.00000000,55473.00000000,55953.45000000,71228.40565900,71228.40565900
59129.99000000,59495.24000000,57413.02000000,57991.15000000,54201.00072700,54201.00072700
58202.01000000,59272.00000000,56777.77000000,59129.99000000,54258.01579000,54258.01579000
57051.95000000,58492.85000000,56388.00000000,58202.01000000,41314.08197300,41314.08197300
58950.01000000,59791.72000000,56880.00000000,57051.94000000,47409.85211300,47409.85211300
58720.45000000,60200.00000000,58428.57000000,58950.01000000,47382.41878100,47382.41878100
58739.46000000,59490.00000000,57935.45000000,58720.44000000,47415.61722000,47415.61722000
58746.57000000,59800.00000000,56769.00000000,58740.55000000,60975.54266600,60975.54266600
57635.46000000,59368.00000000,57071.35000000,58746.57000000,55122.44312200,55122.44312200
55777.65000000,58405.82000000,54800.01000000,57635.47000000,67857.93739800,67857.93739800
55817.14000000,56559.75000000,54691.84000000,55777.63000000,39050.38751100,39050.38751100
55025.59000000,56700.36000000,53950.00000000,55817.14000000,50105.47505500,50105.47505500
51293.78000000,55073.46000000,51214.60000000,55025.59000000,63813.77469200,63813.77469200
52303.66000000,53287.00000000,50427.56000000,51293.78000000,87400.53453800,87400.53453800
54342.80000000,57200.00000000,51700.00000000,52303.65000000,83537.46502100,83537.46502100
54083.25000000,55830.90000000,53000.00000000,54340.89000000,59789.36542700,59789.36542700
57351.56000000,58430.73000000,53650.00000000,54083.25000000,62581.62616900,62581.62616900
58100.02000000,58589.10000000,55450.11000000,57351.56000000,48564.47027400,48564.47027400
58030.01000000,59880.00000000,57820.17000000,58102.28000000,44476.94177600,44476.94177600
57641.00000000,59468.00000000,56270.74000000,58030.01000000,52392.65296100,52392.65296100
58912.97000000,60129.97000000,57023.00000000,57648.16000000,66580.40667500,66580.40667500
56900.74000000,58974.73000000,54123.69000000,58912.97000000,70421.62084100,70421.62084100
55605.20000000,56938.29000000,53271.34000000,56900.75000000,77986.69435500,77986.69435500
58976.08000000,60633.43000000,54600.00000000,55605.20000000,102771.42729800,102771.42729800
61188.38000000,61724.79000000,58966.78000000,58968.31000000,52601.05275000,52601.05275000
57221.72000000,61844.00000000,56078.23000000,61188.39000000,83245.09134600,83245.09134600
57773.15000000,58081.51000000,54962.84000000,57221.72000000,73405.40604700,73405.40604700
55851.59000000,58150.00000000,54272.82000000,57773.16000000,81914.81285900,81914.81285900
54874.67000000,57387.69000000,53005.00000000,55851.59000000,84749.23894300,84749.23894300
52375.18000000,54895.00000000,51789.41000000,54884.50000000,71656.73707600,71656.73707600
50959.11000000,52402.78000000,49274.67000000,52375.17000000,66987.35966400,66987.35966400
48882.20000000,51450.03000000,48882.20000000,50971.75000000,55235.02803200,55235.02803200
48746.81000000,49200.00000000,47070.00000000,48882.20000000,44399.23424200,44399.23424200
48374.09000000,49448.93000000,46300.00000000,48751.71000000,78192.49637200,78192.49637200
50349.37000000,51773.88000000,47500.00000000,48374.09000000,82649.71682900,82649.71682900
48436.61000000,52640.00000000,48100.71000000,50349.37000000,81035.91370500,81035.91370500
49595.76000000,50200.00000000,47047.60000000,48440.65000000,64221.06214000,64221.06214000
45134.11000000,49790.00000000,44950.53000000,49587.03000000,85086.11164800,85086.11164800
46103.67000000,46638.46000000,43000.00000000,45135.66000000,83055.36904200,83055.36904200
46276.88000000,48394.00000000,45000.00000000,46106.43000000,66060.83429200,66060.83429200
47073.73000000,48424.11000000,44106.78000000,46276.87000000,109423.20066300,109423.20066300
49676.21000000,52041.73000000,46674.34000000,47073.73000000,83310.67312100,83310.67312100
48891.00000000,51374.99000000,46988.69000000,49676.20000000,91881.20925200,91881.20925200
54087.67000000,54183.59000000,44892.56000000,48891.00000000,169375.02505100,169375.02505100
57412.35000000,57508.47000000,47622.00000000,54087.67000000,134019.43494400,134019.43494400
55841.19000000,58352.80000000,55477.59000000,57408.57000000,58166.70851100,58166.70851100
55906.00000000,57700.46000000,53863.93000000,55841.19000000,80948.20531400,80948.20531400
51552.61000000,56368.00000000,50710.20000000,55906.00000000,79659.77802000,79659.77802000
52117.67000000,52530.00000000,50901.90000000,51552.60000000,60758.04695400,60758.04695400
49133.45000000,52618.74000000,48947.00000000,52119.71000000,85743.63781800,85743.63781800
47911.10000000,50689.18000000,47003.62000000,49133.45000000,88813.26629800,88813.26629800
48580.47000000,49010.92000000,45570.79000000,47911.10000000,79398.15678400,79398.15678400
47156.78000000,49707.43000000,47014.17000000,48577.79000000,73735.47553300,73735.47553300
47298.15000000,48150.00000000,46202.53000000,47153.69000000,63768.09739900,63768.09739900
47968.66000000,48985.80000000,46125.00000000,47287.60000000,85870.03569700,85870.03569700
44807.58000000,48678.90000000,43994.02000000,47969.51000000,89561.08145400,89561.08145400
46420.42000000,47310.00000000,43727.00000000,44807.58000000,97154.18220000,97154.18220000
46374.86000000,48142.19000000,44961.09000000,46420.42000000,115499.86171200,115499.86171200
38795.69000000,46794.45000000,37988.89000000,46374.87000000,138597.53691400,138597.53691400
39181.01000000,39700.00000000,37351.00000000,38795.69000000,84363.67976300,84363.67976300
38289.32000000,40955.51000000,38215.94000000,39186.94000000,98757.31118300,98757.31118300
36936.65000000,38310.12000000,36570.00000000,38290.24000000,66681.33427500,66681.33427500
37620.26000000,38708.27000000,36161.95000000,36936.66000000,92080.73589800,92080.73589800
35472.71000000,37662.63000000,35362.38000000,37618.87000000,80784.33366300,80784.33366300
33517.09000000,35984.33000000,33418.00000000,35466.24000000,78056.65988000,78056.65988000
33092.97000000,34717.27000000,32296.16000000,33526.37000000,82718.27688200,82718.27688200
34262.89000000,34342.69000000,32171.67000000,33092.98000000,68742.28038400,68742.28038400
34246.28000000,34933.00000000,32825.00000000,34262.88000000,84889.68134000,84889.68134000
33368.18000000,38531.90000000,31915.40000000,34252.20000000,231827.00562600,231827.00562600
30362.19000000,33783.98000000,29842.10000000,33364.86000000,92621.14561700,92621.14561700
32464.01000000,32557.29000000,29241.72000000,30366.15000000,95911.96171100,95911.96171100
32254.19000000,32921.88000000,30837.37000000,32467.77000000,84972.20691000,84972.20691000
32259.45000000,34875.00000000,31910.00000000,32254.20000000,88499.22692100,88499.22692100
32078.00000000,33071.00000000,30900.00000000,32259.90000000,57978.03796600,57978.03796600
32950.00000000,33456.00000000,31390.16000000,32078.00000000,64595.28767500,64595.28767500
30851.99000000,33826.53000000,28850.00000000,32945.17000000,142971.68404900,142971.68404900
35468.23000000,35600.00000000,30071.00000000,30850.13000000,131803.18292600,131803.18292600
35901.94000000,36415.31000000,33400.00000000,35468.23000000,89368.42291800,89368.42291800
36622.46000000,37850.00000000,35844.06000000,35891.49000000,79611.30776900,79611.30776900
35824.99000000,37469.83000000,34800.00000000,36631.27000000,70698.11875000,70698.11875000
35994.98000000,36852.50000000,33850.00000000,35828.61000000,80157.72738400,80157.72738400
36737.43000000,37950.00000000,35357.80000000,35994.98000000,86348.43150800,86348.43150800
39145.21000000,39747.76000000,34408.00000000,36742.22000000,118300.92091600,118300.92091600
37371.38000000,40100.00000000,36701.23000000,39144.50000000,102950.38942100,102950.38942100
34049.15000000,37850.00000000,32380.00000000,37371.38000000,124477.91493800,124477.91493800
35410.37000000,36628.00000000,32531.00000000,34051.24000000,133948.15199600,133948.15199600
38150.02000000,38264.74000000,30420.00000000,35404.47000000,249131.53994300,249131.53994300
40088.22000000,41350.00000000,35111.11000000,38150.02000000,118209.54450300,118209.54450300
40586.96000000,41380.00000000,38720.00000000,40088.22000000,75785.97967500,75785.97967500
39432.48000000,41950.00000000,36500.00000000,40582.81000000,139789.95749900,139789.95749900
36769.36000000,40365.00000000,36300.00000000,39432.28000000,132825.70043700,132825.70043700
33949.53000000,36939.21000000,33288.00000000,36769.36000000,127139.20131000,127139.20131000
31989.75000000,34360.00000000,29900.00000000,33949.53000000,116049.99703800,116049.99703800
33000.05000000,33600.00000000,28130.00000000,31988.71000000,140899.88569000,140899.88569000
32176.45000000,34778.11000000,31962.99000000,33000.05000000,120957.56675000,120957.56675000
29331.70000000,33300.00000000,28946.53000000,32178.33000000,129993.87336200,129993.87336200
28923.63000000,29600.00000000,28624.57000000,29331.69000000,54182.92501100,54182.92501100
28875.55000000,29300.00000000,27850.00000000,28923.63000000,75508.50515200,75508.50515200
27385.00000000,28996.00000000,27320.00000000,28875.54000000,95356.05782600,95356.05782600
27079.42000000,27410.00000000,25880.00000000,27385.00000000,69411.59260600,69411.59260600
26281.54000000,27500.00000000,26101.00000000,27079.41000000,79721.74249600,79721.74249600
26493.40000000,28422.00000000,25700.00000000,26281.66000000,148455.58621400,148455.58621400
24712.47000000,26867.03000000,24500.00000000,26493.39000000,97806.51338600,97806.51338600
23728.99000000,24789.86000000,23433.60000000,24712.47000000,79519.94356900,79519.94356900
23232.39000000,23794.43000000,22703.42000000,23729.20000000,69013.83425200,69013.83425200
23810.79000000,24100.00000000,22600.00000000,23232.76000000,119047.25973300,119047.25973300
22719.88000000,23837.10000000,22353.40000000,23810.79000000,87033.12616000,87033.12616000
23455.54000000,24102.77000000,21815.00000000,22719.71000000,88030.29724300,88030.29724300
23821.60000000,24295.00000000,23060.00000000,23455.52000000,76690.14568500,76690.14568500
23107.39000000,24171.47000000,22750.00000000,23821.61000000,86045.06467700,86045.06467700
22797.15000000,23285.18000000,22350.00000000,23107.39000000,79646.13431500,79646.13431500
21335.52000000,23800.00000000,21230.00000000,22797.16000000,184882.47674800,184882.47674800
19426.43000000,21560.00000000,19278.60000000,21335.52000000,114306.33557000,114306.33557000
19273.69000000,19570.00000000,19050.00000000,19426.43000000,61834.36601100,61834.36601100
19174.99000000,19349.00000000,19000.00000000,19273.14000000,47257.20129400,47257.20129400
18808.69000000,19411.00000000,18711.12000000,19174.99000000,56560.82174400,56560.82174400
18036.53000000,18948.66000000,18020.70000000,18808.69000000,49519.97843200,49519.97843200
18254.81000000,18292.73000000,17572.33000000,18036.53000000,72610.72425900,72610.72425900
18541.29000000,18557.32000000,17911.12000000,18254.63000000,52890.67509400,52890.67509400
18324.11000000,18639.57000000,17650.00000000,18541.28000000,79585.55380100,79585.55380100
19166.90000000,19294.84000000,18200.00000000,18324.11000000,61626.94761400,61626.94761400
19358.67000000,19420.91000000,18902.88000000,19166.90000000,41372.29629300,41372.29629300
19147.66000000,19420.00000000,18857.00000000,19359.40000000,37043.09186100,37043.09186100
18650.51000000,19177.00000000,18500.00000000,19147.66000000,42922.74857300,42922.74857300
19422.34000000,19527.00000000,18565.31000000,18650.52000000,71283.66820000,71283.66820000
19204.08000000,19598.00000000,18867.20000000,19421.90000000,66689.39127900,66689.39127900
18764.96000000,19342.00000000,18330.00000000,19204.09000000,75911.01347800,75911.01347800
19695.87000000,19888.00000000,18001.12000000,18764.96000000,127698.76265200,127698.76265200
18185.00000000,19863.16000000,18184.99000000,19695.87000000,115463.46688800,115463.46688800
17719.84000000,18360.05000000,17517.00000000,18184.99000000,55329.01630300,55329.01630300
17139.53000000,17880.49000000,16865.56000000,17719.85000000,64910.69997000,64910.69997000
17149.47000000,17457.62000000,16438.08000000,17139.52000000,85297.02478700,85297.02478700
18718.83000000,18915.03000000,16188.00000000,17149.47000000,181005.24669300,181005.24669300
19160.00000000,19484.21000000,18500.27000000,18719.11000000,93266.57688700,93266.57688700
18368.01000000,19418.97000000,18018.00000000,19160.01000000,113581.50924100,113581.50924100
18413.88000000,18766.00000000,18000.00000000,18368.00000000,82961.50609300,82961.50609300
18703.80000000,18750.00000000,17610.86000000,18414.43000000,81645.73777800,81645.73777800
18655.66000000,18965.90000000,18308.58000000,18703.80000000,75577.45839400,75577.45839400
17802.81000000,18815.22000000,17740.04000000,18655.67000000,88423.01848900,88423.01848900
17777.75000000,18179.80000000,17335.65000000,17802.82000000,93009.56100800,93009.56100800
17659.38000000,18476.93000000,17214.45000000,17776.12000000,149019.78813400,149019.78813400
16713.08000000,17858.82000000,16538.00000000,17659.38000000,115221.40310200,115221.40310200
15957.00000000,16880.00000000,15864.00000000,16713.57000000,81300.67592400,81300.67592400
16069.56000000,16180.00000000,15774.72000000,15957.00000000,43596.84151300,43596.84151300
16320.04000000,16326.99000000,15670.00000000,16070.45000000,59116.34717900,59116.34717900
16291.85000000,16480.00000000,15952.35000000,16320.70000000,75691.88101400,75691.88101400
15684.25000000,16340.70000000,15440.64000000,16291.86000000,102196.35659200,102196.35659200
15297.21000000,15965.00000000,15272.68000000,15684.24000000,78469.74645800,78469.74645800
15328.41000000,15460.00000000,15072.46000000,15297.21000000,61681.91960600,61681.91960600
15475.10000000,15840.00000000,14805.54000000,15328.41000000,108976.33413400,108976.33413400
14818.30000000,15650.00000000,14703.88000000,15475.10000000,65547.17857400,65547.17857400
15579.93000000,15753.52000000,14344.22000000,14818.30000000,101431.20655300,101431.20655300
15590.02000000,15960.00000000,15166.00000000,15579.92000000,122618.19769500,122618.19769500
14144.01000000,15750.00000000,14093.56000000,15590.02000000,143741.52267300,143741.52267300
14023.53000000,14259.00000000,13525.00000000,14144.01000000,93016.98826200,93016.98826200
13549.63000000,14066.11000000,13284.99000000,14023.53000000,74115.63078700,74115.63078700
13761.49000000,13830.00000000,13195.05000000,13549.37000000,64566.42190800,64566.42190800
13791.00000000,13895.00000000,13603.00000000,13761.50000000,36285.64852600,36285.64852600
13560.10000000,14100.00000000,13411.50000000,13791.00000000,67339.23851500,67339.23851500
13455.69000000,13669.98000000,13115.00000000,13560.10000000,70657.77888100,70657.77888100
13266.40000000,13642.91000000,12920.77000000,13455.70000000,74872.60213200,74872.60213200
13636.16000000,13859.48000000,12888.00000000,13266.40000000,94440.56122600,94440.56122600
13052.15000000,13789.29000000,13019.87000000,13636.17000000,80796.55399600,80796.55399600
13029.64000000,13238.81000000,12765.00000000,13052.19000000,60951.67298600,60951.67298600
13111.73000000,13350.00000000,12888.00000000,13028.83000000,38481.57950400,38481.57950400
12923.06000000,13166.73000000,12870.00000000,13111.73000000,35952.20907000,35952.20907000
12968.84000000,13027.69000000,12720.08000000,12923.07000000,50386.99984100,50386.99984100
12780.75000000,13185.00000000,12678.08000000,12968.52000000,70038.82414400,70038.82414400
11910.00000000,13217.68000000,11886.95000000,12780.96000000,114584.45676700,114584.45676700
11751.46000000,12038.38000000,11677.59000000,11909.99000000,62134.75066300,62134.75066300
11503.14000000,11823.99000000,11407.96000000,11751.47000000,47414.53469200,47414.53469200
11360.31000000,11505.00000000,11346.22000000,11503.14000000,23284.04119100,23284.04119100
11319.24000000,11402.42000000,11255.00000000,11360.20000000,22368.91524100,22368.91524100
11505.13000000,11541.15000000,11200.00000000,11319.32000000,48797.74950200,48797.74950200
11417.89000000,11617.34000000,11250.83000000,11505.12000000,48760.71767900,48760.71767900
11420.57000000,11547.98000000,11280.00000000,11417.89000000,41415.10601500,41415.10601500
11528.24000000,11557.00000000,11300.00000000,11420.56000000,42205.28370900,42205.28370900
11369.02000000,11720.01000000,11172.00000000,11528.25000000,52825.28371000,52825.28371000
11293.22000000,11445.00000000,11221.00000000,11369.02000000,29043.85133900,29043.85133900
11050.64000000,11491.00000000,11050.51000000,11293.22000000,43648.03694300,43648.03694300
10925.44000000,11104.64000000,10829.00000000,11050.64000000,48240.07323700,48240.07323700
10666.40000000,10950.00000000,10530.41000000,10925.57000000,51959.69157200,51959.69157200
10599.65000000,10681.87000000,10546.17000000,10666.39000000,32811.99027900,32811.99027900
10792.20000000,10800.00000000,10525.00000000,10599.66000000,48674.74047100,48674.74047100
10666.62000000,10798.00000000,10615.64000000,10792.21000000,34025.76165300,34025.76165300
10542.07000000,10696.87000000,10517.87000000,10666.63000000,23212.00159500,23212.00159500
10570.40000000,10603.56000000,10496.46000000,10542.06000000,22298.22134100,22298.22134100
10619.13000000,10664.64000000,10374.00000000,10570.40000000,50130.39370500,50130.39370500
10776.59000000,10920.00000000,10437.00000000,10619.13000000,60866.33289300,60866.33289300
10840.58000000,10849.34000000,10665.13000000,10776.59000000,39596.02732200,39596.02732200
10696.11000000,10867.54000000,10635.87000000,10840.48000000,41874.89839900,41874.89839900
10774.26000000,10950.00000000,10626.00000000,10696.12000000,50095.25173400,50095.25173400
10728.59000000,10799.00000000,10594.82000000,10774.25000000,30549.48325300,30549.48325300
10686.57000000,10820.94000000,10644.68000000,10728.60000000,28420.83665900,28420.83665900
10736.33000000,10760.53000000,10556.24000000,10686.67000000,48101.11700800,48101.11700800
10241.46000000,10795.24000000,10190.93000000,10736.32000000,57676.61942700,57676.61942700
10529.61000000,10537.15000000,10136.82000000,10241.46000000,51876.56807900,51876.56807900
10417.22000000,10572.71000000,10353.00000000,10529.61000000,43991.23547600,43991.23547600
10920.28000000,10988.86000000,10296.35000000,10417.22000000,70683.43117900,70683.43117900
11080.64000000,11080.64000000,10723.00000000,10920.28000000,39157.92256500,39157.92256500
10933.40000000,11179.79000000,10887.37000000,11080.65000000,38440.03685800,38440.03685800
10940.00000000,11038.03000000,10812.84000000,10933.39000000,47266.72827500,47266.72827500
10954.01000000,11045.46000000,10745.83000000,10939.99000000,55601.61452900,55601.61452900
10785.23000000,11093.00000000,10661.22000000,10954.01000000,64991.51244000,64991.51244000
10671.77000000,10930.04000000,10606.48000000,10785.31000000,61822.45278600,61822.45278600
10332.84000000,10750.00000000,10212.34000000,10671.77000000,67059.29136100,67059.29136100
10440.67000000,10580.11000000,10200.00000000,10332.83000000,43837.60986500,43837.60986500
10387.89000000,10477.97000000,10269.25000000,10440.92000000,35379.15309600,35379.15309600
10336.86000000,10397.60000000,10200.00000000,10387.89000000,43830.25446700,43830.25446700
10219.29000000,10483.35000000,10070.83000000,10336.87000000,58253.75375000,58253.75375000
10126.66000000,10343.00000000,9981.01000000,10219.20000000,49347.11377600,49347.11377600
10373.45000000,10438.00000000,9850.00000000,10126.65000000,73491.87841800,73491.87841800
10255.89000000,10410.75000000,9875.00000000,10373.44000000,62620.23067600,62620.23067600
10166.69000000,10347.14000000,9994.86000000,10256.20000000,56368.78881500,56368.78881500
10446.25000000,10565.68000000,9825.00000000,10166.69000000,90001.60556800,90001.60556800
10138.29000000,10627.05000000,9875.50000000,10446.25000000,92733.59911300,92733.59911300
11388.54000000,11462.60000000,9960.80000000,10140.85000000,121950.10601500,121950.10601500
11921.97000000,11954.57000000,11160.10000000,11388.54000000,87221.84560200,87221.84560200
11649.51000000,12050.85000000,11515.00000000,11921.97000000,78148.19366800,78148.19366800
11711.17000000,11800.77000000,11570.00000000,11649.51000000,55353.61774400,55353.61774400
11465.84000000,11719.00000000,11458.00000000,11711.16000000,43177.87905400,43177.87905400
11526.90000000,11580.02000000,11417.04000000,11465.84000000,32973.79920000,32973.79920000
11330.38000000,11542.65000000,11276.89000000,11526.91000000,45953.90836500,45953.90836500
11461.42000000,11592.20000000,11125.00000000,11330.38000000,63246.03638300,63246.03638300
11318.42000000,11539.32000000,11244.00000000,11461.43000000,53998.23123100,53998.23123100
11748.19000000,11767.85000000,11117.64000000,11318.42000000,69590.92327200,69590.92327200
11648.12000000,11824.90000000,11585.09000000,11748.20000000,46212.39186700,46212.39186700
11663.51000000,11718.07000000,11514.13000000,11648.13000000,37900.00469000,37900.00469000
11531.23000000,11686.00000000,11376.81000000,11662.96000000,43678.70164600,43678.70164600
11853.54000000,11878.00000000,11485.81000000,11531.34000000,64448.30614200,64448.30614200
11754.38000000,11888.00000000,11668.00000000,11853.55000000,46085.25435100,46085.25435100
11945.10000000,12020.08000000,11561.00000000,11754.59000000,73940.16960600,73940.16960600
12281.15000000,12387.77000000,11817.93000000,11945.01000000,75923.83552700,75923.83552700
11910.99000000,12468.00000000,11769.78000000,12281.13000000,84734.21154000,84734.21154000
11852.40000000,11931.72000000,11686.00000000,11911.00000000,41368.23690600,41368.23690600
11760.55000000,11980.00000000,11680.00000000,11852.40000000,56237.90505000,56237.90505000
11779.77000000,11850.00000000,11634.03000000,11760.54000000,59818.85269700,59818.85269700
11564.34000000,11792.96000000,11270.36000000,11780.00000000,70132.49150200,70132.49150200
11392.09000000,11617.52000000,11150.00000000,11564.33000000,64909.61364400,64909.61364400
11892.90000000,11935.00000000,11125.00000000,11392.08000000,90748.28463400,90748.28463400
11681.69000000,12067.35000000,11450.00000000,11892.92000000,84952.33788700,84952.33788700
11761.02000000,11797.11000000,11521.97000000,11681.68000000,41493.06734200,41493.06734200
11594.36000000,11808.27000000,11512.00000000,11761.41000000,41858.16104000,41858.16104000
11762.47000000,11909.94000000,11322.00000000,11594.23000000,65755.92602200,65755.92602200
11744.91000000,11900.00000000,11562.50000000,11762.46000000,63529.08502000,63529.08502000
11191.99000000,11780.93000000,11093.00000000,11744.91000000,74970.25685200,74970.25685200
11219.68000000,11414.98000000,11000.00000000,11191.97000000,58629.11370900,58629.11370900
11071.36000000,11473.00000000,10936.00000000,11219.81000000,56931.84147500,56931.84147500
11801.17000000,12123.46000000,10518.50000000,11071.35000000,97553.07760400,97553.07760400
11335.46000000,11861.00000000,11220.00000000,11801.17000000,85087.48512600,85087.48512600
11099.79000000,11444.00000000,10960.00000000,11335.46000000,70063.66097400,70063.66097400
11100.52000000,11170.00000000,10831.00000000,11099.61000000,60794.82645600,60794.82645600
10906.27000000,11342.82000000,10812.00000000,11100.53000000,76838.09423300,76838.09423300
11029.96000000,11242.23000000,10565.00000000,10906.27000000,97267.73418700,97267.73418700
9931.54000000,11394.86000000,9917.21000000,11029.96000000,150188.93314400,150188.93314400
9700.42000000,10111.00000000,9650.00000000,9931.54000000,65279.26931900,65279.26931900
9538.10000000,9732.90000000,9513.00000000,9700.42000000,40679.54541600,40679.54541600
9603.27000000,9637.00000000,9463.44000000,9537.80000000,43931.13620500,43931.13620500
9518.16000000,9664.00000000,9440.33000000,9603.27000000,51856.23350000,51856.23350000
9390.00000000,9544.00000000,9261.00000000,9518.16000000,48815.00410700,48815.00410700
9160.78000000,9437.73000000,9152.80000000,9390.00000000,60413.58248600,60413.58248600
9208.99000000,9221.52000000,9131.00000000,9160.78000000,35458.76408200,35458.76408200
9170.30000000,9232.27000000,9101.35000000,9208.99000000,26052.01941700,26052.01941700
9154.31000000,9219.30000000,9121.10000000,9170.28000000,22554.54145700,22554.54145700
9133.72000000,9186.83000000,9089.81000000,9154.32000000,28054.35874100,28054.35874100
9197.60000000,9226.15000000,9047.25000000,9133.72000000,43375.57119100,43375.57119100
9255.85000000,9276.49000000,9160.57000000,9197.60000000,39053.57966500,39053.57966500
9242.61000000,9279.54000000,9113.00000000,9255.85000000,45772.55250900,45772.55250900
9303.31000000,9343.82000000,9200.89000000,9242.62000000,42740.06911500,42740.06911500
9234.02000000,9345.00000000,9157.50000000,9302.75000000,30872.70228600,30872.70228600
9288.34000000,9299.28000000,9178.25000000,9234.03000000,22561.36600000,22561.36600000
9232.42000000,9317.48000000,9125.00000000,9288.34000000,38295.49400600,38295.49400600
9436.06000000,9440.79000000,9160.00000000,9232.43000000,48044.45064500,48044.45064500
9257.40000000,9470.00000000,9231.00000000,9436.06000000,56140.51778100,56140.51778100
9342.47000000,9379.42000000,9203.00000000,9257.39000000,34587.33667800,34587.33667800
9069.41000000,9375.00000000,9055.92000000,9344.20000000,54463.13227700,54463.13227700
9135.00000000,9145.24000000,8893.03000000,9069.41000000,34073.65362700,34073.65362700
9057.79000000,9190.00000000,9040.04000000,9135.46000000,26441.96848400,26441.96848400
9086.54000000,9125.00000000,9037.47000000,9058.26000000,28943.42017700,28943.42017700
9231.99000000,9261.96000000,8940.00000000,9086.54000000,45725.16807600,45725.16807600
9138.08000000,9292.00000000,9080.10000000,9232.00000000,38488.52869900,38488.52869900
9192.93000000,9205.00000000,9064.89000000,9138.55000000,31463.16280100,31463.16280100
9116.16000000,9238.00000000,9024.67000000,9192.56000000,42120.29326100,42120.29326100
9012.00000000,9191.00000000,8948.06000000,9116.35000000,30688.17642100,30688.17642100
9162.21000000,9196.24000000,8833.00000000,9012.00000000,46290.93011300,46290.93011300
9249.49000000,9298.00000000,9045.45000000,9162.21000000,50292.29827700,50292.29827700
9298.33000000,9340.00000000,9009.69000000,9249.49000000,55831.61915600,55831.61915600
9624.33000000,9670.00000000,9208.00000000,9296.49000000,61571.56146400,61571.56146400
9685.69000000,9720.00000000,9577.03000000,9624.89000000,41031.02938000,41031.02938000
9294.69000000,9780.00000000,9277.09000000,9685.69000000,57895.46834300,57895.46834300
9358.95000000,9422.00000000,9281.54000000,9294.69000000,24316.92623400,24316.92623400
9310.23000000,9395.00000000,9170.95000000,9358.95000000,30329.06538400,30329.06538400
9386.32000000,9438.30000000,9215.79000000,9310.23000000,45330.98367300,45330.98367300
9465.13000000,9489.00000000,9280.00000000,9386.32000000,37381.95376500,37381.95376500
9526.97000000,9565.00000000,9236.61000000,9465.14000000,48046.41115200,48046.41115200
9426.05000000,9589.00000000,9373.09000000,9525.59000000,52052.44692700,52052.44692700
9342.10000000,9495.00000000,8910.45000000,9426.02000000,86107.92470700,86107.92470700
9473.34000000,9480.99000000,9245.00000000,9342.10000000,30055.50660800,30055.50660800
9464.96000000,9494.73000000,9351.00000000,9473.34000000,27759.78485100,27759.78485100
9278.88000000,9557.12000000,9232.51000000,9465.13000000,50119.06693200,50119.06693200
9885.22000000,9964.00000000,9113.00000000,9280.40000000,94418.98473000,94418.98473000
9772.44000000,9992.72000000,9704.18000000,9885.00000000,47130.76298200,47130.76298200
9782.00000000,9877.00000000,9570.00000000,9772.43000000,46024.00128900,46024.00128900
9746.99000000,9800.00000000,9633.00000000,9782.01000000,40664.66412500,40664.66412500
9666.85000000,9802.00000000,9372.46000000,9746.99000000,57952.84838500,57952.84838500
9621.17000000,9735.00000000,9531.05000000,9666.30000000,32752.95089300,32752.95089300
9788.14000000,9854.75000000,9581.00000000,9621.16000000,47788.05005000,47788.05005000
9666.32000000,9881.63000000,9450.00000000,9789.06000000,57456.10096900,57456.10096900
9518.02000000,9690.00000000,9365.21000000,9666.24000000,46252.64493900,46252.64493900
10202.71000000,10228.99000000,9266.00000000,9518.04000000,108970.77315100,108970.77315100
9448.27000000,10380.00000000,9421.67000000,10200.77000000,76649.12696000,76649.12696000
9697.72000000,9700.00000000,9381.41000000,9448.27000000,48333.78640300,48333.78640300
9426.60000000,9740.00000000,9331.23000000,9697.72000000,55665.27254000,55665.27254000
9575.87000000,9605.26000000,9330.00000000,9427.07000000,57374.36296100,57374.36296100
9204.07000000,9625.47000000,9110.00000000,9575.89000000,74110.78766200,74110.78766200
8841.00000000,9225.00000000,8811.73000000,9204.07000000,68910.35551400,68910.35551400
8900.35000000,9017.67000000,8700.00000000,8841.18000000,58299.77013800,58299.77013800
8718.14000000,8979.66000000,8642.72000000,8900.35000000,62833.91094900,62833.91094900
9179.01000000,9298.00000000,8700.00000000,8720.34000000,70379.86645000,70379.86645000
9170.00000000,9307.85000000,9070.00000000,9179.15000000,43526.29696600,43526.29696600
9067.51000000,9271.00000000,8933.52000000,9170.00000000,58943.13102400,58943.13102400
9511.43000000,9578.47000000,8815.00000000,9068.65000000,108928.78096900,108928.78096900
9775.13000000,9842.00000000,9326.00000000,9511.43000000,74923.73809000,74923.73809000
9733.93000000,9897.21000000,9474.00000000,9775.53000000,78539.76045400,78539.76045400
9681.11000000,9950.00000000,9464.23000000,9733.93000000,82006.60358300,82006.60358300
9380.81000000,9888.00000000,9322.10000000,9680.04000000,68647.76432300,68647.76432300
9315.96000000,9588.00000000,9220.00000000,9381.27000000,59587.62786200,59587.62786200
9791.97000000,9845.62000000,9150.00000000,9316.42000000,115890.76151600,115890.76151600
9309.35000000,9939.00000000,9256.76000000,9791.98000000,129565.37747000,129565.37747000
8810.99000000,9398.00000000,8792.99000000,9309.37000000,92466.27401800,92466.27401800
8562.04000000,8978.26000000,8528.78000000,8810.79000000,86522.78006600,86522.78006600
8722.77000000,9168.00000000,8200.00000000,8561.52000000,168807.25183200,168807.25183200
9539.10000000,9574.83000000,8117.00000000,8722.77000000,183865.18202800,183865.18202800
9800.02000000,9914.25000000,9520.00000000,9539.40000000,81950.67956700,81950.67956700
9986.30000000,10035.96000000,9705.00000000,9800.01000000,100683.79640000,100683.79640000
9143.40000000,10067.00000000,9021.00000000,9986.40000000,147154.61137800,147154.61137800
9021.36000000,9395.00000000,8906.21000000,9142.92000000,105925.30242000,105925.30242000
8871.92000000,9118.58000000,8760.00000000,9021.83000000,76480.76534200,76480.76534200
8894.15000000,8950.00000000,8522.00000000,8871.96000000,84418.51233100,84418.51233100
8972.58000000,9200.00000000,8712.00000000,8894.16000000,90126.06564300,90126.06564300
8825.67000000,9010.00000000,8753.00000000,8972.05000000,59002.08755000,59002.08755000
8620.00000000,9059.18000000,8613.56000000,8826.96000000,91468.81505900,91468.81505900
8778.58000000,9460.00000000,8401.00000000,8620.00000000,206277.21412400,206277.21412400
7738.58000000,8952.89000000,7710.05000000,8778.57000000,183546.88751400,183546.88751400
7773.51000000,7780.00000000,7659.12000000,7738.98000000,46302.75263800,46302.75263800
7693.10000000,7792.02000000,7606.00000000,7774.62000000,65441.33957600,65441.33957600
7539.03000000,7700.00000000,7480.00000000,7693.10000000,50522.61620900,50522.61620900
7505.00000000,7705.00000000,7431.07000000,7538.67000000,43874.42772600,43874.42772600
7483.96000000,7615.96000000,7388.00000000,7505.00000000,60182.11993900,60182.11993900
7125.12000000,7738.00000000,7020.00000000,7482.39000000,102773.56956100,102773.56956100
6841.36000000,7156.38000000,6818.00000000,7125.14000000,61486.37733400,61486.37733400
6828.98000000,6940.00000000,6762.00000000,6841.37000000,60109.71080800,60109.71080800
7121.40000000,7220.00000000,6751.00000000,6826.83000000,90149.49137000,90149.49137000
7248.60000000,7266.15000000,7055.60000000,7120.74000000,45664.86393000,45664.86393000
7026.78000000,7293.08000000,7014.40000000,7248.60000000,49488.54281900,49488.54281900
7101.99000000,7148.12000000,6972.98000000,7027.55000000,54126.50976300,54126.50976300
6621.25000000,7190.00000000,6468.27000000,7101.94000000,125009.85753900,125009.85753900
6868.57000000,6933.00000000,6605.00000000,6621.24000000,61571.38499400,61571.38499400
6838.04000000,6978.00000000,6754.28000000,6868.70000000,69068.62328500,69068.62328500
6903.79000000,6903.79000000,6575.00000000,6837.91000000,96415.47657300,96415.47657300
6876.84000000,7177.00000000,6780.00000000,6903.79000000,73868.66650100,73868.66650100
6858.92000000,6944.30000000,6760.00000000,6876.83000000,45470.29320600,45470.29320600
7283.54000000,7295.75000000,6739.98000000,6858.92000000,104674.62337500,104674.62337500
7360.26000000,7371.92000000,7108.08000000,7283.54000000,61094.87241700,61094.87241700
7197.32000000,7420.00000000,7150.00000000,7361.28000000,76059.14583800,76059.14583800
7329.90000000,7459.69000000,7077.00000000,7197.32000000,103585.16891800,103585.16891800
6772.78000000,7355.14000000,6765.00000000,7329.90000000,118052.00083200,118052.00083200
6857.41000000,6895.54000000,6677.52000000,6772.78000000,49685.35698300,49685.35698300
6732.97000000,6990.41000000,6650.01000000,6856.99000000,72990.86113900,72990.86113900
6793.86000000,7048.00000000,6602.10000000,6734.10000000,104080.27693900,104080.27693900
6643.36000000,7198.00000000,6551.00000000,6794.09000000,149299.90687100,149299.90687100
6412.14000000,6679.94000000,6150.11000000,6642.92000000,97500.75240000,97500.75240000
6394.45000000,6523.23000000,6321.40000000,6410.44000000,72337.59525900,72337.59525900
5880.50000000,6599.00000000,5857.76000000,6394.38000000,118889.54999200,118889.54999200
6236.65000000,6266.00000000,5866.56000000,5881.42000000,63311.62771400,63311.62771400
6359.11000000,6360.00000000,6024.00000000,6236.65000000,93159.69342900,93159.69342900
6737.27000000,6842.59000000,6261.00000000,6359.11000000,82914.96835400,82914.96835400
6677.42000000,6780.00000000,6510.00000000,6737.36000000,83026.55521100,83026.55521100
6744.69000000,6957.96000000,6450.00000000,6677.43000000,132155.73498900,132155.73498900
6465.25000000,6833.00000000,6371.33000000,6744.72000000,151138.00987800,151138.00987800
5816.05000000,6600.00000000,5688.00000000,6467.31000000,164674.21578500,164674.21578500
6187.04000000,6407.87000000,5734.01000000,5816.19000000,119115.99052700,119115.99052700
6204.57000000,6456.98000000,5860.02000000,6186.98000000,128913.66836300,128913.66836300
6162.05000000,6900.00000000,5670.00000000,6208.36000000,219298.32951400,219298.32951400
5393.26000000,6400.00000000,5252.53000000,6162.37000000,199020.87343900,199020.87343900
5312.64000000,5436.17000000,5009.37000000,5393.04000000,137127.63489400,137127.63489400
5028.86000000,5525.00000000,4921.45000000,5312.64000000,150089.92631800,150089.92631800
5360.33000000,5365.42000000,4442.12000000,5028.97000000,227276.92276000,227276.92276000
5172.48000000,5940.00000000,5093.10000000,5361.30000000,139916.14653400,139916.14653400
5576.05000000,5640.52000000,5055.13000000,5172.06000000,136910.13597400,136910.13597400
4800.01000000,5955.00000000,3782.13000000,5578.60000000,402201.67376400,402201.67376400
7934.58000000,7966.17000000,4410.00000000,4800.00000000,261505.60865300,261505.60865300
7894.57000000,7980.00000000,7590.00000000,7934.52000000,79942.41117200,79942.41117200
7929.87000000,8149.00000000,7728.01000000,7894.56000000,86783.44387500,86783.44387500
8034.76000000,8179.31000000,7632.01000000,7929.87000000,116968.86326800,116968.86326800
8885.25000000,8886.76000000,8000.00000000,8033.31000000,77537.31516600,77537.31516600
9130.89000000,9188.00000000,8835.00000000,8886.66000000,45422.20452500,45422.20452500
9054.64000000,9170.00000000,8985.50000000,9131.88000000,43782.94804400,43782.94804400
8750.99000000,9159.42000000,8746.54000000,9054.68000000,58201.86635500,58201.86635500
8760.07000000,8848.29000000,8660.00000000,8750.87000000,38696.48257800,38696.48257800
8911.18000000,8919.65000000,8651.00000000,8760.07000000,55154.99728200,55154.99728200
8530.30000000,8965.75000000,8498.00000000,8915.24000000,60401.31773000,60401.31773000
8523.61000000,8750.00000000,8411.00000000,8531.88000000,43892.20177900,43892.20177900
8690.80000000,8790.00000000,8523.55000000,8523.61000000,36748.18303500,36748.18303500
8823.25000000,8900.00000000,8445.00000000,8692.91000000,71155.20897700,71155.20897700
8786.00000000,8971.77000000,8531.00000000,8823.21000000,72483.57876200,72483.57876200
9316.48000000,9377.44000000,8633.63000000,8785.25000000,92130.34548200,92130.34548200
9655.52000000,9675.00000000,9250.00000000,9315.84000000,54379.34455200,54379.34455200
9936.40000000,9990.00000000,9473.56000000,9656.13000000,55796.59612000,55796.59612000
9650.85000000,9990.00000000,9645.00000000,9936.40000000,37702.08984300,37702.08984300
9677.05000000,9709.17000000,9560.02000000,9650.86000000,24636.75762300,24636.75762300
9597.21000000,9755.51000000,9550.21000000,9677.05000000,42181.55452400,42181.55452400
9594.65000000,9699.00000000,9400.00000000,9596.42000000,60152.34291400,60152.34291400
10164.78000000,10250.00000000,9350.00000000,9593.79000000,55162.58689500,55162.58689500
9706.00000000,10250.00000000,9576.01000000,10164.71000000,70604.12401900,70604.12401900
9910.70000000,9964.16000000,9452.67000000,9706.00000000,70261.01190100,70261.01190100
9904.46000000,10050.00000000,9638.12000000,9917.27000000,60023.99953700,60023.99953700
10344.36000000,10375.00000000,9801.00000000,9904.72000000,57657.20294700,57657.20294700
10227.78000000,10381.56000000,10111.37000000,10344.36000000,47038.48017300,47038.48017300
10325.33000000,10500.00000000,10080.00000000,10229.63000000,79344.35875900,79344.35875900
10223.08000000,10450.00000000,10223.08000000,10326.46000000,61008.06393000,61008.06393000
9851.74000000,10323.59000000,9700.00000000,10223.08000000,62422.39522400,62422.39522400
10151.72000000,10188.00000000,9756.00000000,9851.83000000,59573.08461900,59573.08461900
9895.04000000,10166.00000000,9880.75000000,10151.75000000,43408.47561600,43408.47561600
9813.87000000,9940.00000000,9667.11000000,9895.05000000,43600.84366600,43600.84366600
9772.00000000,9885.00000000,9730.00000000,9813.73000000,43966.11463200,43966.11463200
9612.03000000,9862.57000000,9526.35000000,9772.00000000,64949.70658800,64949.70658800
9197.02000000,9744.45000000,9177.22000000,9612.04000000,64870.41561500,64870.41561500
9291.35000000,9350.00000000,9093.01000000,9197.02000000,53308.17526600,53308.17526600
9331.59000000,9618.79000000,9234.00000000,9292.24000000,50892.13345100,50892.13345100
9384.41000000,9477.03000000,9120.00000000,9331.51000000,45690.91254000,45690.91254000
9351.71000000,9464.53000000,9281.00000000,9384.61000000,28578.06735400,28578.06735400
9511.52000000,9530.22000000,9210.01000000,9352.89000000,45552.02235200,45552.02235200
9301.57000000,9578.00000000,9204.44000000,9513.21000000,60626.74425900,60626.74425900
9375.34000000,9449.24000000,9216.00000000,9301.53000000,53864.06512200,53864.06512200
8907.57000000,9400.00000000,8862.40000000,9374.21000000,74584.85376500,74584.85376500
8614.39000000,9000.00000000,8535.00000000,8907.57000000,53973.54299600,53973.54299600
8340.01000000,8618.13000000,8293.66000000,8615.00000000,31130.48516400,31130.48516400
8438.99000000,8451.26000000,8254.90000000,8340.58000000,25521.15793200,25521.15793200
8404.52000000,8528.02000000,8238.00000000,8439.00000000,41687.52952900,41687.52952900
8682.77000000,8691.81000000,8306.39000000,8404.52000000,48165.94459700,48165.94459700
8736.04000000,8818.00000000,8590.00000000,8682.36000000,29080.55713800,29080.55713800
8642.35000000,8789.00000000,8488.00000000,8736.03000000,36494.68765900,36494.68765900
8701.72000000,8746.99000000,8521.28000000,8642.35000000,38896.63974600,38896.63974600
8915.09000000,9198.98000000,8466.00000000,8701.70000000,70676.88925900,70676.88925900
8913.27000000,8988.88000000,8806.38000000,8915.96000000,38294.74654500,38294.74654500
8720.15000000,9041.65000000,8672.44000000,8913.28000000,70897.73737700,70897.73737700
8820.01000000,8859.81000000,8586.00000000,8720.01000000,51991.07428400,51991.07428400
8814.64000000,8916.48000000,8564.00000000,8821.41000000,84816.29760600,84816.29760600
8110.34000000,8880.00000000,8105.54000000,8810.01000000,120399.12674200,120399.12674200
8184.97000000,8196.00000000,8055.89000000,8110.34000000,31159.75568300,31159.75568300
8020.01000000,8197.00000000,7960.00000000,8184.98000000,38131.49433600,38131.49433600
8198.86000000,8286.34000000,8003.16000000,8020.01000000,54810.03266700,54810.03266700
7817.74000000,8199.00000000,7672.00000000,8197.02000000,82406.77744800,82406.77744800
8054.72000000,8055.96000000,7750.00000000,7817.76000000,64239.51983000,64239.51983000
8145.92000000,8455.00000000,7870.00000000,8055.98000000,112622.64264000,112622.64264000
7758.90000000,8207.68000000,7723.71000000,8145.28000000,91171.68466100,91171.68466100
7357.64000000,7795.34000000,7346.76000000,7758.00000000,54635.69531600,54635.69531600
7354.19000000,7495.00000000,7318.00000000,7358.75000000,38331.08560400,38331.08560400
7345.00000000,7404.00000000,7272.21000000,7354.11000000,29987.97497700,29987.97497700
6965.49000000,7405.00000000,6871.04000000,7344.96000000,68428.50045100,68428.50045100
7200.77000000,7212.50000000,6924.74000000,6965.71000000,31951.48393200,31951.48393200
7195.24000000,7255.00000000,7175.15000000,7200.85000000,16792.38816500,16792.38816500
7246.00000000,7320.00000000,7145.01000000,7195.23000000,25954.45353300,25954.45353300
7388.43000000,7408.24000000,7220.00000000,7246.00000000,29605.91178200,29605.91178200
7315.36000000,7528.45000000,7288.00000000,7388.24000000,31387.10608500,31387.10608500
7254.77000000,7365.01000000,7238.67000000,7316.14000000,26848.98219900,26848.98219900
7202.00000000,7275.86000000,7076.42000000,7254.74000000,33642.70186100,33642.70186100
7205.01000000,7435.00000000,7157.12000000,7202.00000000,36259.76107600,36259.76107600
7255.77000000,7271.77000000,7128.86000000,7204.63000000,27492.04432300,27492.04432300
7317.30000000,7436.68000000,7157.04000000,7255.77000000,43629.49418800,43629.49418800
7500.71000000,7695.38000000,7265.84000000,7317.09000000,68051.99720300,68051.99720300
7131.59000000,7518.54000000,7122.47000000,7501.44000000,39137.45515000,39137.45515000
7188.01000000,7190.58000000,7105.00000000,7132.75000000,19467.17402800,19467.17402800
7151.31000000,7220.00000000,7079.50000000,7187.83000000,32132.06920500,32132.06920500
7277.83000000,7380.00000000,7038.31000000,7150.30000000,55509.04907500,55509.04907500
6623.84000000,7440.00000000,6435.00000000,7277.83000000,95636.65125100,95636.65125100
6891.44000000,6942.21000000,6560.00000000,6623.82000000,53865.06992900,53865.06992900
7119.60000000,7150.00000000,6836.00000000,6891.72000000,43863.99305900,43863.99305900
7064.14000000,7200.30000000,7008.35000000,7118.59000000,26395.77813700,26395.77813700
7257.37000000,7271.77000000,7012.00000000,7064.05000000,29561.98596700,29561.98596700
7197.76000000,7309.05000000,7190.76000000,7258.48000000,27609.87379500,27609.87379500
7210.00000000,7295.00000000,7080.30000000,7198.08000000,42288.60093200,42288.60093200
7224.15000000,7275.50000000,7125.66000000,7210.00000000,30093.09194400,30093.09194400
7338.64000000,7407.60000000,7157.10000000,7224.13000000,49723.76214000,49723.76214000
7510.11000000,7650.00000000,7273.00000000,7338.64000000,46621.88749300,46621.88749300
7487.31000000,7564.00000000,7374.86000000,7510.11000000,29856.89763100,29856.89763100
7527.80000000,7619.62000000,7470.16000000,7488.21000000,31498.68417300,31498.68417300
7389.00000000,7590.03000000,7305.00000000,7527.47000000,48189.08794400,48189.08794400
7194.59000000,7485.00000000,7150.00000000,7389.00000000,59306.67885500,59306.67885500
7292.71000000,7750.00000000,7067.00000000,7194.32000000,83147.14914200,83147.14914200
7294.42000000,7400.00000000,7241.35000000,7292.71000000,33149.47748700,33149.47748700
7391.50000000,7420.56000000,7151.10000000,7294.28000000,46330.25604000,46330.25604000
7540.63000000,7541.85000000,7210.00000000,7390.89000000,60769.34231300,60769.34231300
7740.99000000,7810.00000000,7441.00000000,7541.89000000,46989.43361900,46989.43361900
7418.52000000,7850.00000000,7362.30000000,7739.68000000,60745.30087300,60745.30087300
7507.90000000,7643.00000000,7360.00000000,7419.49000000,56933.98110900,56933.98110900
7154.75000000,7655.00000000,6840.00000000,7508.52000000,92452.87349000,92452.87349000
7109.99000000,7340.00000000,7017.48000000,7156.14000000,65722.39769000,65722.39769000
6900.23000000,7377.69000000,6515.00000000,7109.57000000,119645.73519700,119645.73519700
7311.10000000,7330.39000000,6861.00000000,6903.28000000,67890.20648300,67890.20648300
7268.23000000,7344.48000000,7080.01000000,7311.57000000,50449.89475500,50449.89475500
7627.79000000,7750.00000000,6790.00000000,7268.23000000,126603.14025900,126603.14025900
8098.56000000,8134.73000000,7500.00000000,7627.74000000,58418.78026100,58418.78026100
8133.83000000,8264.29000000,8038.40000000,8098.01000000,32466.23098000,32466.23098000
8186.50000000,8218.63000000,8003.00000000,8133.64000000,43556.06102500,43556.06102500
8502.87000000,8503.52000000,8060.00000000,8187.17000000,43017.69094000,43017.69094000
8490.74000000,8635.00000000,8350.68000000,8502.40000000,27009.03708200,27009.03708200
8471.62000000,8543.00000000,8400.00000000,8491.02000000,20902.29975200,20902.29975200
8646.38000000,8790.00000000,8400.00000000,8471.73000000,46087.41775100,46087.41775100
8777.54000000,8800.00000000,8582.60000000,8646.68000000,33468.46896100,33468.46896100
8821.91000000,8844.99000000,8702.00000000,8777.12000000,26810.11691800,26810.11691800
8733.36000000,8888.00000000,8567.60000000,8821.94000000,40366.62947100,40366.62947100
9040.16000000,9072.32000000,8618.68000000,8733.27000000,44888.05354500,44888.05354500
8809.18000000,9147.19000000,8750.00000000,9039.47000000,34422.02979700,34422.02979700
8773.74000000,8880.00000000,8724.88000000,8809.41000000,29469.48140500,29469.48140500
9214.00000000,9261.00000000,8696.00000000,8773.73000000,62107.28924300,62107.28924300
9339.16000000,9375.00000000,9101.00000000,9216.20000000,39117.47085300,39117.47085300
9307.73000000,9440.91000000,9250.01000000,9339.05000000,37336.17037200,37336.17037200
9392.40000000,9454.95000000,9175.76000000,9308.66000000,45935.87366500,45935.87366500
9196.46000000,9513.68000000,9115.84000000,9393.35000000,45894.45627700,45894.45627700
9289.85000000,9362.57000000,9066.14000000,9194.71000000,27894.37827900,27894.37827900
9231.40000000,9373.74000000,9186.21000000,9289.52000000,28923.06082800,28923.06082800
9140.86000000,9279.00000000,9030.00000000,9231.61000000,43594.81411500,43594.81411500
9154.02000000,9405.00000000,8913.00000000,9140.85000000,54376.02490200,54376.02490200
9407.62000000,9409.84000000,9001.01000000,9154.72000000,55241.78643400,55241.78643400
9204.45000000,9550.00000000,9072.00000000,9407.62000000,64158.46244600,64158.46244600
9528.23000000,9902.10000000,9160.00000000,9205.14000000,80174.21732300,80174.21732300
9230.00000000,9794.98000000,9074.34000000,9529.93000000,93833.54160400,93833.54160400
8655.88000000,10370.00000000,8470.38000000,9230.00000000,162588.58541300,162588.58541300
7412.41000000,8799.00000000,7361.00000000,8655.02000000,90748.21817400,90748.21817400
7468.47000000,7503.68000000,7337.99000000,7412.41000000,32714.38326500,32714.38326500
8020.06000000,8047.59000000,7300.00000000,7466.62000000,63897.45709800,63897.45709800
8197.28000000,8297.99000000,8000.00000000,8020.00000000,34651.82866300,34651.82866300
8223.35000000,8333.00000000,8142.03000000,8197.27000000,30448.67953900,30448.67953900
7949.87000000,8297.00000000,7870.00000000,8223.35000000,34286.45265400,34286.45265400
7946.89000000,8098.10000000,7866.92000000,7948.01000000,26627.88938800,26627.88938800
8070.71000000,8115.00000000,7816.01000000,7947.01000000,31353.18141600,31353.18141600
7995.02000000,8124.92000000,7929.03000000,8070.58000000,29656.94915800,29656.94915800
8159.30000000,8181.16000000,7917.00000000,7991.74000000,34733.59396600,34733.59396600
8346.86000000,8403.00000000,8090.00000000,8159.29000000,32773.06247600,32773.06247600
8275.24000000,8388.85000000,8203.00000000,8348.20000000,29810.66325300,29810.66325300
8301.98000000,8451.37000000,8160.00000000,8275.01000000,27840.73995300,27840.73995300
8257.95000000,8400.00000000,8250.00000000,8300.09000000,21339.33409800,21339.33409800
8557.82000000,8779.51000000,8212.38000000,8258.50000000,50405.28441800,50405.28441800
8562.15000000,8644.00000000,8414.52000000,8558.03000000,39137.94616700,39137.94616700
8170.79000000,8670.00000000,8115.00000000,8560.74000000,55038.70437800,55038.70437800
8190.82000000,8325.00000000,8088.75000000,8168.39000000,35452.65742300,35452.65742300
7855.30000000,8299.92000000,7762.00000000,8190.09000000,52202.07229700,52202.07229700
8127.55000000,8153.87000000,7785.00000000,7854.25000000,34676.10404900,34676.10404900
8137.09000000,8183.41000000,8012.98000000,8126.19000000,21907.61556400,21907.61556400
8224.43000000,8232.41000000,8005.00000000,8137.13000000,26476.33040400,26476.33040400
8360.00000000,8393.00000000,8060.00000000,8223.96000000,30488.28405800,30488.28405800
8292.67000000,8373.91000000,8151.22000000,8359.94000000,26243.38664400,26243.38664400
8289.97000000,8500.00000000,8173.05000000,8292.44000000,43472.41809100,43472.41809100
8043.04000000,8337.26000000,7710.00000000,8289.34000000,55865.48726000,55865.48726000
8199.38000000,8229.13000000,7890.00000000,8043.82000000,31544.21138800,31544.21138800
8177.47000000,8315.00000000,8001.09000000,8198.81000000,34473.60516500,34473.60516500
8063.49000000,8265.00000000,7852.15000000,8177.91000000,43882.92462500,43882.92462500
8430.05000000,8465.99000000,7750.00000000,8063.73000000,67930.85374900,67930.85374900
8497.55000000,8730.00000000,8215.64000000,8430.05000000,60783.89225800,60783.89225800
9702.20000000,9794.99000000,7800.00000000,8493.14000000,94007.34520300,94007.34520300
10028.05000000,10049.99000000,9615.77000000,9702.25000000,31937.23235600,31937.23235600
9985.15000000,10089.00000000,9853.97000000,10028.87000000,22049.27525600,22049.27525600
10167.92000000,10176.70000000,9900.00000000,9986.39000000,20544.17519600,20544.17519600
10243.70000000,10281.00000000,10061.39000000,10168.59000000,25088.49106900,25088.49106900
10156.41000000,10325.00000000,9653.00000000,10244.29000000,44826.28257900,44826.28257900
10187.48000000,10258.02000000,10100.00000000,10156.99000000,24250.24930300,24250.24930300
10249.68000000,10275.00000000,10128.01000000,10187.82000000,22914.32456300,22914.32456300
10303.34000000,10355.00000000,10078.00000000,10251.31000000,28971.40165700,28971.40165700
10332.81000000,10360.00000000,10252.15000000,10302.01000000,18047.65401300,18047.65401300
10344.13000000,10419.99000000,10222.33000000,10335.02000000,23621.53351900,23621.53351900
10415.01000000,10439.00000000,10153.00000000,10342.06000000,30280.33977600,30280.33977600
10158.75000000,10448.81000000,10040.00000000,10415.01000000,34511.16275500,34511.16275500
10098.19000000,10293.00000000,9880.00000000,10158.33000000,31953.82456200,31953.82456200
10302.58000000,10384.99000000,9953.00000000,10098.15000000,28915.41222500,28915.41222500
10381.24000000,10480.00000000,10068.50000000,10303.12000000,39835.72760800,39835.72760800
10455.90000000,10592.50000000,10208.00000000,10381.18000000,23984.67201800,23984.67201800
10298.71000000,10558.00000000,10288.57000000,10455.88000000,27637.87739200,27637.87739200
10563.13000000,10905.87000000,10150.00000000,10298.73000000,58799.64095900,58799.64095900
10565.92000000,10900.00000000,10450.00000000,10564.49000000,33970.96063900,33970.96063900
10611.85000000,10799.00000000,10369.89000000,10567.02000000,43943.88902600,43943.88902600
10340.00000000,10773.00000000,10272.00000000,10615.28000000,47998.37678100,47998.37678100
9723.59000000,10450.00000000,9712.50000000,10340.00000000,44740.24809300,44740.24809300
9588.74000000,9830.00000000,9520.00000000,9724.98000000,19545.40484300,19545.40484300
9582.76000000,9684.51000000,9420.75000000,9587.47000000,17130.29007400,17130.29007400
9499.01000000,9696.00000000,9350.41000000,9584.54000000,26834.31810400,26834.31810400
9721.00000000,9724.00000000,9320.00000000,9498.44000000,35532.69491000,35532.69491000
10185.69000000,10299.00000000,9601.01000000,9721.00000000,42110.55537500,42110.55537500
10373.60000000,10391.08000000,10051.08000000,10185.05000000,28402.77538300,28402.77538300
10142.69000000,10604.00000000,10137.93000000,10372.25000000,41687.51159900,41687.51159900
10134.61000000,10333.00000000,9906.97000000,10142.69000000,26271.65739800,26271.65739800
10388.16000000,10419.42000000,9890.00000000,10134.35000000,27692.45684400,27692.45684400
10099.90000000,10445.00000000,10019.79000000,10389.55000000,27550.33617300,27550.33617300
10140.82000000,10242.00000000,9762.00000000,10099.88000000,34059.64273800,34059.64273800
10760.51000000,10804.13000000,9858.00000000,10142.57000000,47355.71928200,47355.71928200
10914.73000000,10949.96000000,10560.00000000,10760.51000000,32298.92167900,32298.92167900
10306.17000000,10930.00000000,10258.60000000,10915.54000000,37243.31921700,37243.31921700
10216.05000000,10500.00000000,10080.00000000,10306.78000000,24085.39517200,24085.39517200
10331.15000000,10465.14000000,10000.00000000,10216.02000000,29000.58120100,29000.58120100
10296.77000000,10536.03000000,9750.00000000,10331.54000000,51758.14291800,51758.14291800
10055.16000000,10460.00000000,9911.00000000,10293.93000000,38174.45112000,38174.45112000
10893.36000000,10897.48000000,9928.10000000,10050.37000000,54451.84749900,54451.84749900
11398.35000000,11456.16000000,10788.45000000,10892.71000000,33234.72968000,33234.72968000
11539.08000000,11577.89000000,11235.32000000,11396.08000000,17568.22707500,17568.22707500
11309.24000000,11600.00000000,11112.11000000,11549.97000000,26772.90691000,26772.90691000
11879.98000000,11985.00000000,11270.00000000,11309.31000000,42633.08704800,42633.08704800
11994.17000000,12045.68000000,11700.00000000,11879.99000000,39427.15258800,39427.15258800
11975.04000000,12060.00000000,11521.00000000,11999.77000000,51207.25717400,51207.25717400
11481.69000000,12141.17000000,11382.84000000,11975.03000000,69173.39035300,69173.39035300
11830.00000000,12330.70000000,11226.70000000,11481.69000000,76705.38987500,76705.38987500
10929.99000000,11937.52000000,10927.80000000,11828.80000000,65153.67371300,65153.67371300
10816.86000000,11040.00000000,10552.00000000,10929.23000000,39924.74514100,39924.74514100
10523.75000000,10904.77000000,10497.93000000,10816.86000000,33802.31882400,33802.31882400
10375.00000000,10670.00000000,10281.35000000,10523.75000000,42990.44422100,42990.44422100
10080.53000000,10467.86000000,9863.46000000,10374.99000000,41727.63702800,41727.63702800
9575.00000000,10109.80000000,9555.00000000,10080.53000000,39515.35456000,39515.35456000
9509.07000000,9714.28000000,9402.00000000,9574.21000000,32536.36883400,32536.36883400
9541.54000000,9729.00000000,9395.00000000,9507.64000000,29021.93741100,29021.93741100
9478.92000000,9594.99000000,9165.00000000,9541.54000000,29401.02293700,29401.02293700
9824.00000000,10188.66000000,9333.00000000,9476.52000000,43809.77830100,43809.77830100
9882.15000000,9889.98000000,9637.00000000,9824.00000000,27167.46321700,27167.46321700
9763.40000000,10175.00000000,9720.03000000,9879.87000000,37873.35472800,37873.35472800
9864.78000000,9937.00000000,9525.00000000,9763.28000000,43475.38037700,43475.38037700
10343.08000000,10343.97000000,9822.00000000,9864.91000000,47624.37071000,47624.37071000
10590.15000000,10683.16000000,10100.00000000,10340.31000000,40467.95483900,40467.95483900
10740.27000000,10817.90000000,10288.00000000,10589.45000000,38834.28793500,38834.28793500
10505.78000000,11068.99000000,10350.00000000,10740.23000000,47331.89984800,47331.89984800
10628.64000000,10769.71000000,10121.84000000,10504.29000000,56546.93213300,56546.93213300
9668.86000000,10788.00000000,9252.00000000,10627.16000000,80283.31025200,80283.31025200
9430.17000000,9957.00000000,9060.00000000,9667.92000000,84942.67271700,84942.67271700
10833.78000000,11028.00000000,9350.01000000,9439.59000000,97219.44341300,97219.44341300
10174.18000000,11100.00000000,9860.00000000,10838.72000000,81922.42633200,81922.42633200
11355.78000000,11452.00000000,10103.00000000,10174.18000000,72517.57923600,72517.57923600
11757.22000000,11799.98000000,10830.00000000,11355.76000000,54245.59454800,54245.59454800
11342.88000000,11885.00000000,11073.00000000,11757.22000000,56321.85828100,56321.85828100
12108.11000000,12111.73000000,11000.00000000,11342.89000000,87506.46105800,87506.46105800
12548.51000000,13147.08000000,11569.00000000,12108.37000000,109246.04499700,109246.04499700
12238.60000000,12794.73000000,12068.00000000,12543.41000000,78442.13034300,78442.13034300
11410.00000000,12338.03000000,11220.00000000,12238.60000000,52182.36721500,52182.36721500
11256.45000000,11538.00000000,11094.37000000,11406.24000000,38884.79559900,38884.79559900
10982.41000000,11665.00000000,10964.51000000,11256.49000000,51469.49633100,51469.49633100
11145.67000000,11406.83000000,10796.44000000,10970.73000000,63534.35058200,63534.35058200
11940.00000000,12000.00000000,11055.00000000,11145.67000000,66512.22189200,66512.22189200
10844.98000000,11991.89000000,10841.04000000,11940.00000000,96815.90029000,96815.90029000
10624.90000000,10938.75000000,9727.00000000,10842.85000000,109561.03872800,109561.03872800
10854.10000000,11282.28000000,10030.00000000,10624.93000000,90962.26827100,90962.26827100
11903.13000000,12180.00000000,10766.03000000,10854.10000000,84512.53044300,84512.53044300
12407.06000000,12441.54000000,11475.02000000,11903.13000000,69642.07415700,69642.07415700
11329.99000000,12480.00000000,10982.88000000,12400.63000000,95795.20396400,95795.20396400
13098.38000000,13478.04000000,10525.10000000,11329.99000000,173894.82088900,173894.82088900
11821.28000000,13970.00000000,11741.00000000,13093.80000000,155930.14738600,155930.14738600
11056.59000000,11850.00000000,11026.00000000,11820.86000000,61276.68664800,61276.68664800
10905.95000000,11143.63000000,10620.80000000,11056.59000000,43101.04528500,43101.04528500
