,time,open,close,high,low,volume
0,2020-01-02,41.664,39.551,41.832,39.277,36191.42214357
1,2020-01-03,39.55,42.359,42.58,38.963,50164.31219994
2,2020-01-04,42.424,42.928,43.074,41.97,17448.59155524
3,2020-01-05,42.904,43.34,44.72,42.731,28737.31908483
4,2020-01-06,43.356,45.8,46.157,43.227,51265.45023553
5,2020-01-07,45.8,46.331,46.999,44.537,76142.61483977
6,2020-01-08,46.336,45.288,48.601,43.949,90385.80379719
7,2020-01-09,45.299,44.893,45.733,43.824,30939.15682395
8,2020-01-10,44.773,49.011,49.46,43.78,129141.20665495
9,2020-01-11,49.009,49.284,51.761,47.667,92755.16732736
10,2020-01-12,49.32,51.538,51.651,48.783,62227.43098481
11,2020-01-13,51.48,49.673,51.586,48.87,62165.92628205
12,2020-01-14,49.595,58.105,60.479,49.595,258063.73801867
13,2020-01-15,58.094,58.087,60.174,55.248,101645.51884137
14,2020-01-16,58.119,57.687,58.419,54.662,48850.08378483
15,2020-01-17,57.545,60.803,63.174,56.666,107724.84943389
16,2020-01-18,60.79,59.17,62.327,57.811,75382.22452489
17,2020-01-19,59.263,57.693,62.399,55.14,68512.73198557
18,2020-01-20,57.579,57.089,58.28,55.757,24785.92714359
19,2020-01-21,57.163,57.707,58.084,55.73,23877.81194182
20,2020-01-22,57.66,58.198,59.203,57.143,21431.32007602
21,2020-01-23,58.218,54.485,58.236,52.267,62072.10029598
22,2020-01-24,54.497,54.386,55.439,50.742,60924.99427016
23,2020-01-25,54.37,53.221,54.38,52.19,36383.03114953
24,2020-01-26,53.32,56.317,56.779,52.9,25251.72360122
25,2020-01-27,56.317,58.638,59.648,56.0,45731.25688134
26,2020-01-28,58.563,60.668,61.622,57.421,62405.77426389
27,2020-01-29,60.596,59.768,62.5,59.409,48460.78290778
28,2020-01-30,59.757,67.864,70.0,58.315,124220.90743292
29,2020-01-31,67.849,68.102,70.007,65.497,78321.58329456
30,2020-02-01,68.125,70.889,72.94,67.722,68410.45695905
31,2020-02-02,70.866,70.003,73.7,67.716,104818.44696876
32,2020-02-03,70.0,69.82,73.167,68.523,81544.20235183
33,2020-02-04,69.782,68.11,70.582,66.77,40114.88416617
34,2020-02-05,68.111,72.528,73.519,67.727,66767.52936795
35,2020-02-06,72.542,73.421,75.0,71.044,82960.9242105
36,2020-02-07,73.421,74.212,75.357,72.641,40910.16586748
37,2020-02-08,74.212,76.487,77.882,71.5,59465.81754215
38,2020-02-09,76.486,76.888,78.317,75.004,40725.3301272
39,2020-02-10,76.964,74.056,77.267,72.196,53408.61629155
40,2020-02-11,73.939,76.702,77.443,72.633,38405.94724494
41,2020-02-12,76.625,81.042,82.667,76.625,83246.08912873
42,2020-02-13,81.165,80.444,84.193,77.074,121037.92697556
43,2020-02-14,80.443,82.919,83.873,78.413,52784.36725785
44,2020-02-15,83.019,76.72,83.386,75.121,79130.02045679001
45,2020-02-16,76.719,74.8,80.525,67.655,159268.14068978
46,2020-02-17,74.698,73.444,75.531,68.667,50968.75528317
47,2020-02-18,73.469,77.151,79.138,70.287,51041.80488792
48,2020-02-19,77.38,70.634,80.317,67.0,105977.57825478
49,2020-02-20,70.564,69.515,72.402,65.389,91408.70403676
50,2020-02-21,69.463,73.266,75.249,68.654,71051.90142873
51,2020-02-22,73.361,74.853,76.766,72.424,66755.26529202
52,2020-02-23,74.869,79.817,80.272,74.869,76002.26692641
53,2020-02-24,79.821,75.675,80.062,71.7,95403.39721367
54,2020-02-25,75.598,71.043,76.321,69.501,92299.63900654
55,2020-02-26,71.034,60.596,72.251,57.467,145786.11049637
56,2020-02-27,60.645,61.773,65.04,57.266,90800.13323814
57,2020-02-28,61.808,60.162,63.41,56.703,94377.64454827
58,2020-02-29,60.174,58.285,61.755,58.105,33139.67747445
59,2020-03-01,58.248,57.937,60.499,56.339,49022.62996033
60,2020-03-02,57.846,61.544,62.474,57.421,50119.20220022
61,2020-03-03,61.565,61.143,62.62,59.732,38124.58013063
62,2020-03-04,61.294,60.5,62.0,59.079,22350.04268607
63,2020-03-05,60.519,62.333,63.499,60.519,37403.52209348
64,2020-03-06,62.266,63.499,63.989,61.46,21025.44965998
65,2020-03-07,63.499,60.717,64.115,60.228,36604.51483971
66,2020-03-08,60.589,51.196,60.589,50.772,131662.40162833
67,2020-03-09,51.216,50.678,52.483,46.804,149887.24803996
68,2020-03-10,50.548,50.228,51.6,49.1,52742.28852906
69,2020-03-11,50.352,48.814,50.932,45.7,63234.30295847
70,2020-03-12,48.814,30.14,49.01,28.397,686057.43688904
71,2020-03-13,29.926,37.849,40.641,24.85,420530.70845564
72,2020-03-14,37.74,34.665,37.97,34.04,105008.62563196
73,2020-03-15,34.618,36.582,39.165,34.338,100626.4249583
74,2020-03-16,36.5,33.489,36.559,29.335,164124.79874861
75,2020-03-17,33.404,34.22,36.25,32.647,86061.43854028
76,2020-03-18,34.22,34.853,34.934,32.424,52431.72726341
77,2020-03-19,34.854,39.033,40.96,34.073,134678.02016985
78,2020-03-20,39.049,38.089,43.803,33.908,189415.50201763
79,2020-03-21,38.237,38.435,39.899,36.275,43934.46614001
80,2020-03-22,38.464,35.441,39.754,34.832,66001.66511941
81,2020-03-23,35.471,39.053,40.156,34.592,76559.36346977
82,2020-03-24,39.082,40.715,41.142,38.371,48045.08515225
83,2020-03-25,40.702,39.262,41.232,38.016,49843.34202535
84,2020-03-26,39.319,40.504,40.569,38.507,30700.46610767
85,2020-03-27,40.516,38.003,41.393,37.671,52702.51952476
86,2020-03-28,38.037,38.983,39.586,36.65,52468.21306724
87,2020-03-29,38.907,37.247,39.205,37.105,33164.0151626
88,2020-03-30,37.195,38.961,39.8,37.195,31598.15306313
89,2020-03-31,39.032,39.127,39.448,38.452,16912.20040367
90,2020-04-01,39.177,39.398,39.706,37.169,33214.68032741
91,2020-04-02,39.478,40.019,43.351,39.252,94768.52884607
92,2020-04-03,40.033,40.536,41.343,39.751,30529.41897173
93,2020-04-04,40.549,40.867,41.312,40.0,17263.52558802
94,2020-04-05,40.876,40.388,41.142,39.972,10814.29594112
95,2020-04-06,40.401,45.159,45.159,40.298,54458.85927029
96,2020-04-07,45.113,44.885,47.686,43.764,65159.44396907
97,2020-04-08,44.876,46.583,47.249,44.359,33121.34250467
98,2020-04-09,46.625,46.322,46.869,44.742,36766.8454976
99,2020-04-10,46.318,42.293,46.46,40.9,94853.23709057
100,2020-04-11,42.341,42.571,43.214,41.5,19227.28435374
101,2020-04-12,42.57,42.11,43.819,41.907,29175.53478057
102,2020-04-13,42.039,41.251,42.039,39.5,52931.57016049
103,2020-04-14,41.254,41.229,41.92,40.558,21180.58350356
104,2020-04-15,41.219,39.304,41.778,39.159,21840.14970048
105,2020-04-16,39.244,42.58,44.189,37.938,72660.98808199
106,2020-04-17,42.58,42.28,43.085,41.68,17730.05174669
107,2020-04-18,42.292,44.184,44.557,42.101,23490.34321601
108,2020-04-19,44.268,42.297,44.448,41.415,35730.27072635
109,2020-04-20,42.32,40.328,43.378,39.572,42151.74291564
110,2020-04-21,40.297,40.669,41.379,40.12,20611.95008339
111,2020-04-22,40.622,41.905,42.459,40.308,25799.46444618
112,2020-04-23,41.893,43.078,44.18,41.008,43070.4661315
113,2020-04-24,43.057,44.469,45.11,42.963,57093.03668281
114,2020-04-25,44.583,44.411,45.642,43.908,37333.86954209
115,2020-04-26,44.403,44.579,45.358,43.777,30037.51346384
116,2020-04-27,44.582,44.464,45.2,43.155,30466.10577625
117,2020-04-28,44.53,45.781,46.119,43.403,32750.37811177
118,2020-04-29,45.761,48.791,50.083,45.588,117679.50681121
119,2020-04-30,48.822,46.39,50.736,45.666,108846.04471159
120,2020-05-01,46.427,47.095,48.358,46.37,20799.73127492
121,2020-05-02,47.001,49.205,49.602,46.698,39315.6481334
122,2020-05-03,49.259,48.032,49.998,46.6,37650.7380158
123,2020-05-04,48.124,46.997,48.269,45.128,59714.97147692
124,2020-05-05,47.002,46.431,47.778,45.584,24850.76030445
125,2020-05-06,46.555,44.897,47.659,44.57,30614.77439592
126,2020-05-07,44.913,47.363,48.256,44.278,45855.98512557
127,2020-05-08,47.358,47.752,48.496,46.371,45427.48794678
128,2020-05-09,47.732,46.942,49.243,46.77,37427.59327825
129,2020-05-10,46.958,42.09,46.996,39.006,137549.37314186
130,2020-05-11,42.041,41.505,42.862,39.275,59835.13443604
131,2020-05-12,41.461,42.179,42.9,41.217,26731.27264013
132,2020-05-13,42.151,43.265,43.74,41.933,29392.58938104
133,2020-05-14,43.197,44.034,44.35,42.213,49909.56044522
134,2020-05-15,44.144,42.715,44.144,41.713,30537.35366705
135,2020-05-16,42.692,43.266,43.927,42.495,17112.8435281
136,2020-05-17,43.249,43.649,44.531,43.126,22789.8184713
137,2020-05-18,43.644,45.257,46.678,43.618,46316.15513819
138,2020-05-19,45.278,45.775,45.79,44.022,24282.44689329
139,2020-05-20,45.736,44.17,46.127,42.969,35329.90330166
140,2020-05-21,44.199,42.677,44.578,41.606,30861.47216855
141,2020-05-22,42.729,44.177,44.641,42.308,31215.3086988
142,2020-05-23,44.193,43.847,44.696,43.668,9077.01590696
143,2020-05-24,43.839,42.041,44.578,42.041,18023.80751052
144,2020-05-25,42.041,42.902,43.298,41.714,12135.38291618
145,2020-05-26,42.961,42.325,43.091,41.77,12284.72621813
146,2020-05-27,42.28,43.93,44.048,42.28,15515.53956829
147,2020-05-28,43.919,44.74,44.92,43.134,18078.661032
148,2020-05-29,44.822,44.501,45.305,44.204,12925.24087745
149,2020-05-30,44.532,47.844,48.196,44.201,39173.395854559996
150,2020-05-31,47.795,45.633,47.82,44.923,38873.95530961
151,2020-06-01,45.62,48.329,48.858,45.38,29747.14457352
152,2020-06-02,48.374,46.0,50.129,44.221,146132.89723445
153,2020-06-03,45.993,47.14,47.469,45.209,31086.04589561
154,2020-06-04,47.199,47.53,48.1,46.293,22545.88017382
155,2020-06-05,47.45,46.885,48.0,46.503,13116.38472705
156,2020-06-06,46.832,46.71,47.199,46.112,10314.56407607
157,2020-06-07,46.769,46.659,47.214,44.927,22859.49495809
158,2020-06-08,46.669,46.465,46.76,46.0,8501.55650483
159,2020-06-09,46.505,45.842,46.856,45.385,18408.75669412
160,2020-06-10,45.9,46.705,47.2,45.761,23372.85370376
161,2020-06-11,46.704,43.187,47.009,41.984,56414.90083032
162,2020-06-12,43.185,44.745,45.278,42.782,41462.09244519
163,2020-06-13,44.703,45.09,45.21,44.22,11649.81468629
164,2020-06-14,45.09,44.085,45.135,43.522,10946.13580987
165,2020-06-15,44.051,43.781,44.109,41.841,35346.11011792
166,2020-06-16,43.781,43.899,44.225,43.334,17230.01408494
167,2020-06-17,43.9,44.08,45.047,43.071,33514.55849909
168,2020-06-18,44.101,43.479,44.23,42.935,11442.00886672
169,2020-06-19,43.462,42.864,43.7,42.659,18320.95616874
170,2020-06-20,42.893,43.656,43.85,42.32,13971.61574147
171,2020-06-21,43.656,43.013,43.85,42.946,6963.8550898
172,2020-06-22,43.05,44.388,44.7,42.996,26626.42943404
173,2020-06-23,44.377,44.226,44.509,43.882,10601.16626529
174,2020-06-24,44.227,42.675,44.753,42.172,37487.61330842
175,2020-06-25,42.625,42.37,43.0,41.664,17852.23115933
176,2020-06-26,42.37,43.123,43.597,41.41,27449.53636811
177,2020-06-27,43.126,41.08,43.156,39.163,45000.0684551
178,2020-06-28,41.07,41.416,42.093,40.461,11345.79666871
179,2020-06-29,41.434,41.86,42.308,40.612,40827.33953268
180,2020-06-30,41.896,41.175,42.098,40.765,8834.69128286
181,2020-07-01,41.19,41.8,42.049,41.033,11544.72112558
182,2020-07-02,41.792,41.068,41.926,40.38,21845.94498405
183,2020-07-03,41.002,41.171,41.72,40.939,10238.01782924
184,2020-07-04,41.146,42.157,42.247,41.112,14893.61776506
185,2020-07-05,42.155,41.662,42.282,40.822,11902.98271619
186,2020-07-06,41.626,44.13,44.325,41.559,27495.08051295
187,2020-07-07,44.13,43.452,44.522,43.117,16955.04473486
188,2020-07-08,43.465,45.371,45.682,43.21,42308.93248064
189,2020-07-09,45.43,44.444,45.925,43.64,37722.11736401
190,2020-07-10,44.437,44.335,44.678,43.549,12904.088276
191,2020-07-11,44.37,44.684,44.781,43.906,6918.6948535
192,2020-07-12,44.766,44.8,45.346,43.76,23137.06645824
193,2020-07-13,44.807,43.975,45.681,42.624,34173.28207246
194,2020-07-14,43.977,43.929,44.07,42.94,17438.93770045
195,2020-07-15,43.92,43.416,44.074,42.951,7592.29766339
196,2020-07-16,43.378,42.099,43.511,40.9,39007.60632708
197,2020-07-17,42.136,41.989,42.495,41.794,12639.06444744
198,2020-07-18,41.94,42.513,42.93,41.785,8529.23941179
199,2020-07-19,42.514,42.74,43.002,41.9,11002.32429134
200,2020-07-20,42.741,42.019,42.849,41.477,14122.34772476
201,2020-07-21,42.01,43.821,44.152,41.96,29751.6321772
202,2020-07-22,43.84,45.134,45.197,43.293,18650.02814521
203,2020-07-23,45.112,44.989,45.853,44.596,30217.66026586
204,2020-07-24,44.969,44.251,45.011,44.012,17037.14417494
205,2020-07-25,44.238,49.204,49.612,44.15,122930.10182826
206,2020-07-26,49.204,48.169,50.938,47.642,82549.26109035
207,2020-07-27,48.17,53.321,55.936,46.927,191690.48291994
208,2020-07-28,53.321,55.9,58.165,51.818,135110.10005972
209,2020-07-29,55.901,55.234,57.182,54.85,60094.05665556
210,2020-07-30,55.234,56.82,58.693,54.025,73468.7047678
211,2020-07-31,56.83,58.226,59.25,55.938,45897.99540214
212,2020-08-01,58.267,61.636,62.171,57.571,114309.61766654
213,2020-08-02,61.602,56.663,65.081,51.423,231906.92479633001
214,2020-08-03,56.7,58.453,60.0,55.7,69770.50125949
215,2020-08-04,58.488,57.57,59.564,56.334,52717.22906921
216,2020-08-05,57.628,58.888,59.829,56.707,56354.05964436
217,2020-08-06,58.763,59.092,60.689,57.75,45893.618196
218,2020-08-07,58.971,57.155,61.044,54.513,91224.09837472
219,2020-08-08,57.168,58.45,58.54,56.442,23208.88848588
220,2020-08-09,58.45,56.93,58.686,55.95,20874.48982034
221,2020-08-10,56.98,58.279,59.532,56.501,63412.83134669
222,2020-08-11,58.379,54.079,59.721,52.24,109479.02449418
223,2020-08-12,54.069,54.822,54.99,51.504,39659.98207792
224,2020-08-13,54.874,57.172,57.41,51.901,68831.66126051
225,2020-08-14,57.286,56.689,57.96,55.958,42308.74906273
226,2020-08-15,56.825,59.937,60.98,56.551,111199.24616658
227,2020-08-16,59.94,64.0,64.6,58.09,90225.15085876
228,2020-08-17,64.007,67.27,68.941,61.5,254429.12117103
229,2020-08-18,67.269,65.48,68.494,63.425,217007.01850099
230,2020-08-19,65.44,62.163,67.188,58.66,139653.23906367001
231,2020-08-20,62.202,63.059,63.789,61.037,51655.00540342
232,2020-08-21,62.911,59.177,64.009,58.812,77472.2711276
233,2020-08-22,59.15,60.341,60.596,57.801,24062.53835628
234,2020-08-23,60.296,60.55,61.698,57.977,29116.72504776
235,2020-08-24,60.64,62.12,63.113,60.085,52978.4057106
236,2020-08-25,62.1,58.468,62.341,56.7,72906.63084797
237,2020-08-26,58.363,58.11,59.119,57.062,29608.99086536
238,2020-08-27,58.15,56.181,59.343,54.04,62825.39967788
239,2020-08-28,56.181,57.512,58.309,55.42,24814.37948562
240,2020-08-29,57.497,57.065,58.298,57.054,16164.94493454
241,2020-08-30,57.032,63.018,63.19,57.032,110294.71193258
242,2020-08-31,63.019,61.087,64.058,60.634,65678.47110206
243,2020-09-01,61.087,62.82,64.491,59.801,68202.42593755
244,2020-09-02,62.868,58.094,63.285,56.409,86649.45018945
245,2020-09-03,58.104,47.31,58.604,44.883,279073.00858537
246,2020-09-04,47.267,50.515,52.484,46.215,130195.0733857
247,2020-09-05,50.485,47.928,51.783,45.36,71289.81146117
248,2020-09-06,47.961,47.971,49.25,46.5,30415.72721498
249,2020-09-07,47.999,48.922,49.262,45.374,69151.28184097
250,2020-09-08,48.922,47.56,49.697,46.101,43312.94566227
251,2020-09-09,47.54,47.945,48.88,46.661,14717.97687244
252,2020-09-10,47.922,48.678,49.5,47.892,21377.53626302
253,2020-09-11,48.725,48.983,49.534,47.449,20648.626779
254,2020-09-12,48.98,50.86,51.365,48.418,36001.67518897
255,2020-09-13,50.86,48.128,51.139,47.256,33225.00723002
256,2020-09-14,48.154,49.069,49.804,47.127,26428.05713826
257,2020-09-15,49.18,48.359,50.433,48.19,28887.36993695
258,2020-09-16,48.345,47.814,48.833,47.017,24889.79506367
259,2020-09-17,47.885,48.947,49.77,47.777,21264.12661255
260,2020-09-18,48.953,48.6,49.127,47.562,27233.85486234
261,2020-09-19,48.583,48.631,49.088,48.102,12446.38891811
262,2020-09-20,48.617,47.159,48.617,46.301,23023.9353248
263,2020-09-21,47.07,43.242,47.733,41.662,65124.29921633
264,2020-09-22,43.227,44.559,44.9,42.888,14719.62223308
265,2020-09-23,44.577,43.059,45.242,42.35,25905.83754713
266,2020-09-24,43.084,44.953,45.485,42.72,23068.61100219
267,2020-09-25,45.071,46.002,46.664,44.031,43068.57061627
268,2020-09-26,46.112,46.08,46.661,45.22,11650.09047254
269,2020-09-27,46.124,46.24,46.768,44.657,25028.153771
270,2020-09-28,46.229,45.275,47.254,44.872,46799.11830751
271,2020-09-29,45.242,45.748,45.94,45.014,16275.42591005
272,2020-09-30,45.745,46.3,46.799,45.529,14852.81581267
273,2020-10-01,46.308,46.357,48.552,45.257,78917.27252435
274,2020-10-02,46.302,44.991,47.081,43.285,55109.86875418
275,2020-10-03,44.939,45.628,46.069,44.83,16656.13780129
276,2020-10-04,45.589,46.8,47.115,45.369,19553.423034
277,2020-10-05,46.792,46.387,47.179,45.655,20071.22659234
278,2020-10-06,46.408,46.011,48.305,45.58,54935.41054334
279,2020-10-07,46.042,46.676,46.966,45.023,31590.27572897
280,2020-10-08,46.689,47.314,47.602,45.521,28876.63284947
281,2020-10-09,47.302,47.906,48.279,46.729,15905.93983639
282,2020-10-10,47.877,48.944,50.575,47.876,47511.07167752
283,2020-10-11,48.976,50.596,51.35,48.741,34464.66086932
284,2020-10-12,50.549,50.723,51.636,49.235,45547.68152652
285,2020-10-13,50.7,49.979,50.797,48.94,29312.0824998
286,2020-10-14,50.006,49.87,51.095,49.363,22969.50595777
287,2020-10-15,49.842,49.55,50.318,48.912,25064.71956314
288,2020-10-16,49.569,47.607,49.9,45.601,66958.45883193
289,2020-10-17,47.646,46.984,47.688,46.361,18205.68944923
290,2020-10-18,46.97,47.617,47.998,46.833,14011.95447945
291,2020-10-19,47.579,48.079,48.508,46.847,22578.39530252
292,2020-10-20,48.027,46.914,48.457,46.429,25108.78380341
293,2020-10-21,46.928,53.1,55.078,46.913,107131.69827575
294,2020-10-22,53.105,54.496,56.403,53.072,79749.81248817
295,2020-10-23,54.437,55.47,57.0,53.2,90678.72388385
296,2020-10-24,55.44,59.285,59.699,54.866,80643.8705273
297,2020-10-25,59.255,58.813,60.122,56.65,83671.63555413
298,2020-10-26,58.841,56.854,59.34,55.0,92177.21141292
299,2020-10-27,56.88,57.939,59.098,56.527,64488.12300855
300,2020-10-28,57.909,55.791,60.516,54.696,101671.21422524
301,2020-10-29,55.816,54.836,56.552,53.346,61033.58662962
302,2020-10-30,54.835,54.034,55.761,52.187,102906.30382318
303,2020-10-31,54.054,55.748,56.5,53.665,50703.47251712
304,2020-11-01,55.744,55.589,56.2,53.991,47560.32139756
305,2020-11-02,55.59,53.882,56.8,53.05,59134.44096568
306,2020-11-03,53.812,53.973,54.4,51.092,66775.71743965
307,2020-11-04,53.989,54.717,55.232,51.602,65363.44621491
308,2020-11-05,54.722,58.845,59.709,54.631,100514.87079325
309,2020-11-06,58.879,63.155,63.674,58.557,177530.01550588
310,2020-11-07,63.166,59.059,64.7,57.223,130432.95634492
311,2020-11-08,58.975,61.037,61.999,58.693,60813.01989817
312,2020-11-09,61.082,59.206,61.969,57.527,84719.76027174
313,2020-11-10,59.269,57.955,59.648,57.04,38833.54844304
314,2020-11-11,57.976,59.357,60.626,57.891,50325.85639386
315,2020-11-12,59.368,60.73,60.73,57.671,45321.87428478
316,2020-11-13,60.655,65.892,66.56,60.139,119829.63652251
317,2020-11-14,65.95,63.746,66.287,61.7,55951.90948825
318,2020-11-15,63.858,62.33,64.432,61.11,50794.53378317
319,2020-11-16,62.303,73.769,74.533,62.171,176765.16157087
320,2020-11-17,73.764,76.318,76.966,71.315,180537.16877443
321,2020-11-18,76.392,73.41,77.097,68.043,183552.28631836
322,2020-11-19,73.406,81.618,83.398,71.462,203514.30673133
323,2020-11-20,81.6,82.468,85.616,80.06,154508.22432958
324,2020-11-21,82.491,86.862,88.346,80.003,188000.45891902
325,2020-11-22,86.865,82.712,87.772,77.312,160538.73516573
326,2020-11-23,82.793,88.953,90.737,80.829,257093.83146009
327,2020-11-24,89.092,89.056,94.028,85.394,212831.88221047
328,2020-11-25,89.15,81.778,90.628,77.713,170985.87357316
329,2020-11-26,81.732,71.183,83.205,64.602,403563.43987599
330,2020-11-27,71.188,69.342,73.732,65.5,129352.20767164
331,2020-11-28,69.318,72.797,74.997,68.5,114316.5056163
332,2020-11-29,72.733,78.931,81.108,71.614,139826.79985164
333,2020-11-30,79.007,87.776,88.545,76.663,184940.09975567
334,2020-12-01,87.689,85.254,93.159,79.748,380830.23735916
335,2020-12-02,85.242,89.112,90.735,82.913,111549.0543942
336,2020-12-03,89.088,89.103,91.83,85.522,91595.82115672
337,2020-12-04,89.097,79.615,89.913,77.784,108969.76828615
338,2020-12-05,79.498,83.204,84.262,78.758,31197.23375357
339,2020-12-06,83.235,83.877,85.171,80.422,46531.7505759
340,2020-12-07,83.707,83.408,86.97,81.789,97592.57908256
341,2020-12-08,83.457,76.713,84.837,75.449,124929.18915064
342,2020-12-09,76.729,77.5,78.272,72.288,135401.26842077
343,2020-12-10,77.418,74.752,77.677,73.226,38195.55015275
344,2020-12-11,74.716,72.266,75.105,70.043,121840.15642048
345,2020-12-12,72.278,76.658,77.65,72.075,74678.29165459
346,2020-12-13,76.671,82.244,84.451,75.539,95035.3223016
347,2020-12-14,82.335,82.291,83.036,79.158,53269.02053886
348,2020-12-15,82.444,81.478,84.969,80.291,100272.97552417
349,2020-12-16,81.466,92.907,93.091,78.396,232315.10949196
350,2020-12-17,92.863,100.94,109.43,90.101,476357.27036101
351,2020-12-18,100.89,109.49,112.64,99.097,279879.74069295
352,2020-12-19,109.48,119.68,124.3,105.32,272539.55457426
353,2020-12-20,119.71,114.38,123.19,109.35,264318.86826661
354,2020-12-21,114.36,104.41,118.48,100.36,259582.27241322
355,2020-12-22,104.31,114.32,114.59,98.124,207973.09602363
356,2020-12-23,114.3,102.25,117.11,95.47,350163.1137138
357,2020-12-24,102.29,111.17,112.33,98.527,154274.97431827
358,2020-12-25,111.13,127.64,128.68,108.39,291970.77327941
359,2020-12-26,127.92,129.33,134.66,124.63,249779.30002258
360,2020-12-27,129.32,127.73,139.25,121.11,279135.81647053
361,2020-12-28,127.73,129.79,136.77,126.28,119706.98271192
362,2020-12-29,129.75,128.59,130.72,119.91,94864.82160842
363,2020-12-30,128.62,130.11,133.13,122.77,105021.59986448
364,2020-12-31,130.07,124.2,130.3,121.64,71012.0628469
365,2021-01-01,124.26,126.41,134.09,122.97,130432.04714107
366,2021-01-02,126.32,136.92,142.18,123.27,239694.22614295
367,2021-01-03,136.98,161.27,164.73,135.36,408343.93336344
368,2021-01-04,160.88,155.35,173.47,139.53,333275.14166866
369,2021-01-05,155.39,158.61,162.97,146.28,187418.25558095
370,2021-01-06,158.67,168.84,169.71,155.11,231824.58392794
371,2021-01-07,169.26,169.29,181.26,160.86,387389.59840923
372,2021-01-08,169.07,172.0,181.58,149.55,255729.99947256
373,2021-01-09,172.05,177.38,179.19,163.09,129437.84589409
374,2021-01-10,177.43,170.28,185.75,162.14,211878.54130526
375,2021-01-11,170.3,139.02,170.78,112.75,726478.42669981
376,2021-01-12,139.02,133.79,147.35,128.0,261771.35273758
377,2021-01-13,133.51,147.26,148.38,125.95,119361.74989865
378,2021-01-14,147.33,152.59,156.84,143.31,113933.92954385
379,2021-01-15,152.3,143.91,155.47,130.38,114882.32257524
380,2021-01-16,143.61,143.7,152.82,139.11,81351.0703007
381,2021-01-17,143.62,143.05,147.13,136.27,46385.96849102
382,2021-01-18,143.03,152.06,155.0,138.67,105902.50839634
383,2021-01-19,152.31,151.93,166.69,150.46,149412.65054959
384,2021-01-20,151.74,149.92,156.25,138.17,137499.20780337
385,2021-01-21,149.77,129.73,150.24,125.74,206446.60014993
386,2021-01-22,129.76,138.06,142.14,123.0,139888.57785775
387,2021-01-23,137.88,137.73,143.97,135.22,37978.10774341
388,2021-01-24,137.65,141.17,142.94,134.1,45035.7873606
389,2021-01-25,141.26,137.03,147.96,136.68,90728.29013911
390,2021-01-26,137.13,134.82,139.83,128.47,90365.27793261
391,2021-01-27,134.81,122.62,135.14,118.24,113195.07841061
392,2021-01-28,122.51,133.1,135.84,120.82,73842.24175404
393,2021-01-29,133.13,134.96,146.0,131.58,137344.40567975
394,2021-01-30,134.78,133.46,136.43,127.95,62424.12134217
395,2021-01-31,133.52,129.58,135.17,125.79,41022.26505237
396,2021-02-01,129.44,132.13,136.79,126.02,68469.78590287
397,2021-02-02,132.1,142.29,146.23,132.01,123561.99628758
398,2021-02-03,142.34,156.18,156.71,142.27,127113.4054644
399,2021-02-04,156.13,145.03,158.9,141.17,81727.66687753
400,2021-02-05,145.09,154.96,156.96,143.5,81975.60918264
401,2021-02-06,154.94,155.55,164.19,149.68,116743.2961403
402,2021-02-07,155.71,150.81,157.39,144.84,102671.97054721
403,2021-02-08,150.87,167.78,169.53,147.79,171397.64509719
404,2021-02-09,167.77,181.67,184.51,164.26,176246.89669525
405,2021-02-10,181.82,181.74,195.43,170.0,239932.04977169
406,2021-02-11,181.83,183.8,193.58,175.8,132404.2497019
407,2021-02-12,183.85,196.56,199.86,176.77,192340.81901678
408,2021-02-13,196.71,226.05,228.84,192.08,389892.20086049
409,2021-02-14,226.05,213.67,230.82,208.23,150474.93670786
410,2021-02-15,213.67,207.63,220.24,185.5,218592.47487554
411,2021-02-16,208.47,210.07,222.71,200.0,145724.5845262
412,2021-02-17,210.59,237.25,237.26,203.58,186443.16367619
413,2021-02-18,237.26,226.58,239.14,220.89,138579.02327442
414,2021-02-19,226.86,236.32,241.89,220.0,135117.92764208
415,2021-02-20,236.49,226.32,246.49,213.73,187265.34403542
416,2021-02-21,226.18,227.0,233.43,219.85,115351.57031167
417,2021-02-22,226.99,207.33,227.24,178.93,259700.52652934
418,2021-02-23,207.9,177.41,208.52,155.43,408144.54032956
419,2021-02-24,177.41,181.56,189.47,168.82,115574.71852577
420,2021-02-25,181.4,179.7,205.26,175.26,192183.36527717
421,2021-02-26,179.58,170.46,182.99,162.56,175187.0278336
422,2021-02-27,170.16,172.2,180.35,167.28,62299.5266959
423,2021-02-28,171.95,165.85,173.19,153.0,106999.54754767
424,2021-03-01,165.77,175.93,176.45,163.89,49684.66012994
425,2021-03-02,176.02,179.16,185.43,171.01,56587.69884349
426,2021-03-03,179.3,187.76,196.64,177.13,83611.17451072
427,2021-03-04,187.91,180.76,194.54,177.14,62144.98461647
428,2021-03-05,180.79,180.52,183.73,168.85,105071.47574776
429,2021-03-06,180.57,182.71,184.99,174.85,55668.17518724
430,2021-03-07,182.93,190.63,192.19,182.28,44804.08219105
431,2021-03-08,191.0,192.01,195.35,179.69,121417.97524622
432,2021-03-09,192.01,204.21,205.25,189.3,90013.54986592
433,2021-03-10,204.2,200.37,208.29,191.76,98798.79705807
434,2021-03-11,200.63,201.74,204.0,191.22,115493.84699198
435,2021-03-12,201.74,221.0,224.5,198.66,172355.56803262
436,2021-03-13,221.24,226.22,229.98,212.38,81295.04280599
437,2021-03-14,226.22,213.69,228.09,213.64,38660.65782821
438,2021-03-15,213.72,200.76,222.47,197.88,110503.6487519
439,2021-03-16,200.89,201.58,204.94,191.63,64660.72877431
440,2021-03-17,201.58,205.58,206.88,194.01,48708.34046984
441,2021-03-18,205.56,199.65,208.35,198.98,66465.937987
442,2021-03-19,199.81,200.13,204.99,195.53,23773.38948668
443,2021-03-20,199.94,199.99,206.5,199.0,27288.86145175
444,2021-03-21,199.94,195.57,201.83,192.18,38660.86637374
445,2021-03-22,195.26,185.66,198.98,184.51,48774.99163347
446,2021-03-23,185.66,185.8,189.3,181.01,29774.26769497
447,2021-03-24,185.79,176.13,197.0,171.58,83584.74276609
448,2021-03-25,176.04,171.83,178.23,167.73,63003.41337099
449,2021-03-26,171.76,183.33,183.78,171.63,33742.99602358
450,2021-03-27,183.36,184.15,186.23,177.72,19306.34145527
451,2021-03-28,184.15,184.2,187.42,180.27,16217.34479105
452,2021-03-29,184.18,193.77,197.62,182.51,62347.7437466
453,2021-03-30,193.92,196.14,200.48,190.46,42863.53965474
454,2021-03-31,196.06,196.72,199.18,187.26,45211.89573898
455,2021-04-01,196.8,202.74,204.99,194.25,65576.67229796
456,2021-04-02,202.87,211.43,213.67,200.75,93712.24199163
457,2021-04-03,211.44,195.21,217.73,194.82,103432.95588792
458,2021-04-04,195.12,202.46,204.86,192.35,50938.37485101
459,2021-04-05,202.43,221.39,225.53,198.12,146694.73925058
460,2021-04-06,221.44,237.03,244.41,213.0,279656.38937741
461,2021-04-07,237.14,219.43,242.99,211.0,244764.23393836
462,2021-04-08,218.99,226.39,228.24,217.01,87084.38892172
463,2021-04-09,226.33,221.03,229.04,218.94,66183.58880261
464,2021-04-10,221.16,256.25,256.61,219.26,192224.3037139
465,2021-04-11,256.58,252.43,263.33,244.7,143018.63785308
466,2021-04-12,252.76,244.79,258.98,239.31,110945.65839527
467,2021-04-13,244.99,267.06,272.96,244.37,137359.61958557
468,2021-04-14,267.19,278.57,282.77,255.05,169952.67462499999
469,2021-04-15,278.97,286.01,291.0,266.02,109125.59735042
470,2021-04-16,286.01,308.0,316.57,264.24,393937.20868221
471,2021-04-17,308.01,300.65,335.36,296.86,297388.02094458
472,2021-04-18,300.27,273.78,304.49,226.63,353180.02693137
473,2021-04-19,273.56,261.13,281.99,250.48,125071.09097154
474,2021-04-20,261.24,260.74,272.95,234.93,125736.75988341
475,2021-04-21,260.74,257.51,276.78,250.82,113275.41222095
476,2021-04-22,257.47,253.01,289.6,239.36,199835.50251804
477,2021-04-23,252.66,241.63,257.27,207.0,240182.75767883
478,2021-04-24,241.41,225.38,241.61,221.04,46280.75720566
479,2021-04-25,225.24,223.65,236.16,211.46,51730.85625935
480,2021-04-26,224.06,247.81,248.48,221.46,58910.18667202
481,2021-04-27,247.71,259.67,263.24,244.04,47492.45326276
482,2021-04-28,259.94,258.7,266.74,248.63,46349.49945263
483,2021-04-29,258.53,255.31,262.73,248.45,69796.76636313
484,2021-04-30,255.36,270.94,273.24,252.55,36556.45532386
485,2021-05-01,270.92,276.6,277.99,265.8,33179.422293050004
486,2021-05-02,276.79,269.04,277.24,264.75,29725.33468345
487,2021-05-03,268.87,294.29,299.65,268.51,72093.54174365
488,2021-05-04,294.45,305.65,327.66,270.93,287457.59986399
489,2021-05-05,305.47,356.38,359.89,301.21,223481.99943563
490,2021-05-06,356.4,354.49,365.24,318.51,190816.18414123
491,2021-05-07,354.74,344.76,372.55,333.69,169358.24676603
492,2021-05-08,344.86,347.24,356.56,334.44,81254.83183761
493,2021-05-09,347.44,388.42,389.36,333.17,127426.32549185
494,2021-05-10,388.07,359.05,413.46,334.0,228355.02982097
495,2021-05-11,358.92,377.75,379.74,344.9,141353.96065836
496,2021-05-12,378.1,311.07,394.08,302.0,208694.68007965
497,2021-05-13,310.66,318.14,332.77,292.04,176347.79091462
498,2021-05-14,318.49,326.62,339.1,308.47,84451.5683053
499,2021-05-15,326.83,300.74,332.49,297.0,81464.5856578
500,2021-05-16,300.61,297.01,325.02,280.72,119024.64605469
501,2021-05-17,296.76,280.91,297.21,262.0,215768.85443557
502,2021-05-18,281.51,294.14,318.0,278.41,149677.97459675
503,2021-05-19,294.25,186.44,300.7,144.1,792420.79598722
504,2021-05-20,186.32,210.99,224.89,167.0,639983.10568618
505,2021-05-21,210.94,180.81,219.17,157.37,260672.93611221
506,2021-05-22,180.5,169.75,185.19,162.27,126945.86763087
507,2021-05-23,169.72,142.61,176.81,118.5,344903.43308177
508,2021-05-24,142.73,185.46,185.46,140.01,210168.7450165
509,2021-05-25,185.28,184.2,194.68,167.35,79801.99968765
510,2021-05-26,183.86,199.13,204.4,179.67,55075.98356664
511,2021-05-27,199.13,194.28,209.0,180.67,57451.16313871
512,2021-05-28,194.18,177.41,199.06,165.52,90977.62272315
513,2021-05-29,177.26,163.76,188.68,157.6,89052.73613764
514,2021-05-30,163.86,170.63,180.86,154.88,39513.43463966
515,2021-05-31,170.26,188.2,188.57,163.51,50036.6806215
516,2021-06-01,188.01,182.88,193.17,175.86,30298.31938037
517,2021-06-02,182.88,187.15,191.24,178.32,23378.95200404
518,2021-06-03,187.15,193.24,197.66,182.1,20582.39195866
519,2021-06-04,193.49,178.55,193.59,168.98,54373.06272561
520,2021-06-05,178.6,173.07,185.61,167.65,26046.05393639
521,2021-06-06,173.03,176.24,180.0,172.3,16233.92361134
522,2021-06-07,176.23,161.92,182.21,160.22,39394.61481175
523,2021-06-08,161.87,160.62,164.51,145.12,66966.54979301
524,2021-06-09,160.81,172.46,173.24,152.5,60947.17970265
525,2021-06-10,172.53,168.09,174.53,162.17,32739.01651525
526,2021-06-11,168.22,162.94,173.71,160.57,24211.42197495
527,2021-06-12,162.82,161.63,164.63,154.07,99894.14706556
528,2021-06-13,161.92,170.81,171.62,156.5,15877.80435202
529,2021-06-14,170.88,179.84,179.86,166.5,23136.03749519
530,2021-06-15,179.82,175.55,181.12,172.0,22266.60175024
531,2021-06-16,175.03,166.59,177.28,164.21,25310.24615964
532,2021-06-17,166.59,166.81,173.3,162.76,33662.68664742
533,2021-06-18,166.94,156.33,167.33,151.25,22102.82699906
534,2021-06-19,156.38,152.79,160.94,152.58,12076.05348914
535,2021-06-20,152.77,155.06,156.47,144.04,30196.79482579
536,2021-06-21,155.24,124.98,155.63,124.4,134760.05658441
537,2021-06-22,124.77,119.87,133.57,105.78,192500.28011649
538,2021-06-23,119.87,129.24,133.72,115.66,40233.47379813
539,2021-06-24,129.21,134.64,137.3,123.82,26145.79055697
540,2021-06-25,134.74,125.0,138.49,124.3,47664.7861524
541,2021-06-26,125.01,127.03,129.35,118.82,45021.22628405
542,2021-06-27,127.02,132.75,132.81,124.8,38725.66238041
543,2021-06-28,132.77,137.44,139.6,130.08,22715.58724123
544,2021-06-29,137.73,144.21,149.31,137.23,21944.92113885
545,2021-06-30,144.32,144.25,146.95,139.55,28357.06249923
546,2021-07-01,144.37,137.29,144.37,134.01,44001.34469135
547,2021-07-02,137.09,136.97,138.98,130.62,19419.28230847
548,2021-07-03,136.87,140.26,141.48,134.59,14997.8301102
549,2021-07-04,140.31,144.86,148.1,136.94,29216.7948556
550,2021-07-05,144.96,137.69,144.96,133.82,42330.61026403
551,2021-07-06,137.68,138.9,142.76,135.69,19554.73378972
552,2021-07-07,139.03,137.49,143.0,137.06,11110.75170168
553,2021-07-08,137.47,132.21,137.85,127.5,47301.10185379
554,2021-07-09,131.99,134.39,135.79,125.82,22503.93314567
555,2021-07-10,134.39,134.05,136.68,130.28,12065.69871601
556,2021-07-11,134.01,134.33,136.42,132.1,8138.10158127
557,2021-07-12,134.29,133.36,139.61,131.77,24719.82508343
558,2021-07-13,133.24,131.59,134.7,129.39,19454.65163076
559,2021-07-14,131.57,131.09,132.51,123.67,16592.26537238
560,2021-07-15,131.03,126.0,133.16,122.0,18083.85045416
561,2021-07-16,125.88,120.71,127.88,120.4,13854.94342593
562,2021-07-17,120.71,119.97,123.06,117.86,16325.5974567
563,2021-07-18,120.07,119.25,124.15,116.31,32232.46754602
564,2021-07-19,119.32,113.11,120.87,112.02,20167.11199436
565,2021-07-20,113.2,107.32,115.14,104.0,27480.71854641
566,2021-07-21,107.34,117.67,119.29,105.12,25401.90208088
567,2021-07-22,117.59,120.75,122.1,115.74,12171.02240581
568,2021-07-23,120.83,124.23,125.05,117.06,14771.52811891
569,2021-07-24,124.25,126.12,127.92,123.43,16730.8636395
570,2021-07-25,126.18,127.67,128.2,123.69,6759.16668168
571,2021-07-26,127.83,131.11,140.44,127.08,40320.57505999
572,2021-07-27,131.2,134.91,135.25,127.42,15156.34369578
573,2021-07-28,134.91,140.46,142.0,132.35,23703.07385854
574,2021-07-29,140.55,141.52,143.18,136.74,12368.00488351
575,2021-07-30,141.54,145.58,145.84,136.04,16338.72092187
576,2021-07-31,145.55,144.31,146.61,141.81,10751.37567662
577,2021-08-01,144.38,140.34,149.62,138.12,18563.46328247
578,2021-08-02,140.34,141.38,145.9,138.9,14004.3075911
579,2021-08-03,141.4,138.49,143.19,135.77,7996.05479965
580,2021-08-04,138.59,142.53,144.48,135.59,10557.57808487
581,2021-08-05,142.61,143.42,145.22,136.12,16040.29521982
582,2021-08-06,143.68,147.87,150.93,141.94,18772.61128414
583,2021-08-07,148.09,155.97,156.31,147.15,46715.12364579
584,2021-08-08,155.97,149.64,157.55,146.66,21705.36691302
585,2021-08-09,149.64,166.5,170.82,145.17,52893.07249344
586,2021-08-10,166.36,165.4,168.35,158.74,40265.66978013
587,2021-08-11,165.41,170.76,175.96,164.26,34461.4819177
588,2021-08-12,170.65,165.44,179.6,160.66,25125.63569243
589,2021-08-13,165.46,183.43,184.69,164.02,34787.72827487
590,2021-08-14,183.49,182.97,185.12,174.58,32579.68337686
591,2021-08-15,182.95,184.96,186.93,175.3,32661.60285134
592,2021-08-16,184.82,178.09,189.35,176.74,45406.14764477
593,2021-08-17,178.09,168.47,184.47,168.03,26954.1301907
594,2021-08-18,168.73,166.63,174.66,163.03,28994.7718322
595,2021-08-19,166.64,175.7,175.95,162.61,32258.20572606
596,2021-08-20,175.89,183.68,184.16,174.24,28544.91816615
597,2021-08-21,183.69,179.54,184.6,176.69,23863.29706641
598,2021-08-22,179.77,185.98,189.84,178.54,35467.21081408
599,2021-08-23,185.98,187.34,191.73,183.64,27649.58094027
600,2021-08-24,187.19,173.57,188.7,172.28,71203.90560653
601,2021-08-25,173.39,177.61,179.07,169.17,20797.02619588
602,2021-08-26,177.76,167.59,180.21,165.14,23694.25439631
603,2021-08-27,167.64,176.36,176.43,165.09,21943.37798263
604,2021-08-28,176.41,175.59,177.25,171.31,16123.40423235
605,2021-08-29,175.71,174.43,182.84,173.09,27716.15667926
606,2021-08-30,174.41,167.54,176.57,166.54,17102.25915681
607,2021-08-31,167.4,171.58,175.4,165.66,32360.65916324
608,2021-09-01,171.56,181.0,182.8,168.72,52396.95435402
609,2021-09-02,180.83,183.36,187.95,179.43,59177.18841199
610,2021-09-03,183.34,212.86,217.74,179.76,106441.45429648
611,2021-09-04,213.02,211.65,225.21,208.44,81423.21824788
612,2021-09-05,212.01,232.35,232.71,210.41,193311.16073631
613,2021-09-06,232.42,219.43,232.48,215.19,96320.99010598
614,2021-09-07,219.5,177.96,221.92,155.21,217298.1267881
615,2021-09-08,178.38,179.76,188.75,169.0,196403.6182279
616,2021-09-09,179.69,180.42,188.66,176.6,64838.28227146
617,2021-09-10,180.43,174.13,187.45,170.64,42261.42060987
618,2021-09-11,174.25,178.39,186.0,173.43,40468.19978098
619,2021-09-12,178.49,183.0,186.12,175.17,27540.24719766
620,2021-09-13,183.0,179.25,236.49,170.82,303904.67085889
621,2021-09-14,179.32,182.83,189.0,176.11,85366.28583305
622,2021-09-15,183.14,189.13,191.99,179.81,64934.44666707
623,2021-09-16,189.11,185.32,195.4,181.66,106200.10219421
624,2021-09-17,185.39,179.99,190.69,177.65,95156.37353184
625,2021-09-18,180.11,181.43,185.86,177.95,38411.46364917
626,2021-09-19,181.36,175.64,181.69,172.55,52936.29087836
627,2021-09-20,175.67,157.34,175.96,153.63,168156.35880495
628,2021-09-21,157.25,148.44,162.4,144.81,141132.5305871
629,2021-09-22,148.51,161.5,161.9,145.28,87159.9062825
630,2021-09-23,161.48,164.1,165.0,157.21,49240.49707436
631,2021-09-24,163.88,152.23,166.65,141.93,138553.05262085
632,2021-09-25,152.25,151.11,156.25,148.82,80613.31769453001
633,2021-09-26,151.13,150.88,153.53,142.06,147727.13377196
634,2021-09-27,150.74,145.06,155.0,144.85,84290.6184775
635,2021-09-28,145.03,140.68,149.0,140.11,84947.66771173
636,2021-09-29,140.49,144.79,150.37,139.75,54871.54010703
637,2021-09-30,144.82,153.19,154.76,143.96,77134.04225438
638,2021-10-01,153.31,166.26,168.17,151.2,79554.17242583
639,2021-10-02,166.28,169.11,173.6,164.64,55766.7486689
640,2021-10-03,169.02,170.56,175.0,165.93,54045.18429975
641,2021-10-04,170.59,167.6,170.8,161.48,61176.10972178
642,2021-10-05,167.6,173.9,175.45,166.69,112521.29123691
643,2021-10-06,173.88,178.5,183.23,163.97,151042.78531357
644,2021-10-07,178.56,178.43,187.22,173.58,144893.01969527
645,2021-10-08,178.64,175.77,183.57,174.46,177115.3974327
646,2021-10-09,175.91,179.93,183.94,174.44,76295.33542278
647,2021-10-10,180.0,174.86,183.99,174.3,71322.17864986
648,2021-10-11,174.75,179.24,185.26,172.41,53702.76805227
649,2021-10-12,179.09,172.63,179.09,166.37,83403.8891079
650,2021-10-13,172.55,177.69,179.67,167.73,28378.940701
651,2021-10-14,177.68,181.39,187.01,177.13,112122.70025675
652,2021-10-15,181.48,189.61,192.99,176.62,121433.72045828
653,2021-10-16,189.61,185.99,192.67,185.06,38882.14905611
654,2021-10-17,185.96,183.82,188.05,176.31,33879.03641045
655,2021-10-18,183.78,185.52,187.64,178.61,47911.90659574
656,2021-10-19,185.68,188.82,191.82,182.32,49085.2413306
657,2021-10-20,188.65,207.41,209.43,185.67,75688.96727397
658,2021-10-21,207.34,196.73,214.65,195.15,101932.13057251999
659,2021-10-22,196.88,190.93,201.35,187.21,156594.7537178
660,2021-10-23,190.95,196.41,198.06,188.84,50712.97699912
661,2021-10-24,196.28,190.45,199.79,185.28,39154.20766518
662,2021-10-25,190.39,195.37,197.3,189.53,24886.65725554
663,2021-10-26,195.51,197.43,199.21,190.41,35401.16617405
664,2021-10-27,197.52,179.13,204.87,171.25,116757.11750348
665,2021-10-28,179.11,189.85,194.43,177.49,64964.18606111
666,2021-10-29,189.87,196.62,198.58,188.22,42874.82868597
667,2021-10-30,196.62,190.41,197.24,186.76,24427.07112685
668,2021-10-31,190.27,191.89,195.17,186.66,27533.06359934
669,2021-11-01,191.95,197.82,201.25,187.93,45442.05286759
670,2021-11-02,197.58,201.01,205.04,194.93,42231.26599686
671,2021-11-03,201.02,206.97,209.49,197.41,56178.54300563
672,2021-11-04,207.23,203.03,207.23,196.29,33859.89149558
673,2021-11-05,202.59,198.98,203.39,196.8,27686.06668164
674,2021-11-06,198.98,197.58,201.29,191.25,21193.43509023
675,2021-11-07,197.64,202.14,202.18,197.07,22642.12928608
676,2021-11-08,202.14,228.84,229.81,202.09,270878.06612293
677,2021-11-09,228.94,262.27,275.66,226.44,665974.35514481
678,2021-11-10,262.28,260.13,295.4,251.7,979846.74234373
679,2021-11-11,260.15,262.39,273.9,250.65,224920.23944479
680,2021-11-12,262.24,251.15,282.75,243.97,339420.43526289
681,2021-11-13,251.14,257.94,263.97,245.38,130526.09509819
682,2021-11-14,257.77,279.16,279.28,248.42,235850.09811378
683,2021-11-15,279.18,262.91,281.32,258.89,156155.49846326
684,2021-11-16,262.89,230.33,263.05,221.95,410771.32957085
685,2021-11-17,230.32,229.82,235.31,218.3,200145.32685831
686,2021-11-18,229.72,204.22,232.39,199.8,214118.93992617
687,2021-11-19,204.31,218.31,221.38,199.67,155557.1209732
688,2021-11-20,218.12,227.08,227.71,213.15,124994.78181238
689,2021-11-21,226.9,221.43,230.88,220.1,80128.14827205
690,2021-11-22,221.79,209.28,222.1,205.4,127762.62522948
691,2021-11-23,209.22,216.32,218.76,205.32,62072.91035191
692,2021-11-24,216.41,212.42,217.69,206.12,86211.79989491
693,2021-11-25,212.48,223.01,229.82,210.83,78949.43431729
694,2021-11-26,223.57,195.97,225.12,189.75,215186.57929353
695,2021-11-27,195.97,195.44,201.16,191.19,47148.488526170004
696,2021-11-28,195.22,199.77,200.34,182.63,104895.79877913
697,2021-11-29,199.66,205.87,209.72,195.47,92937.8310375
698,2021-11-30,205.83,207.84,219.87,197.81,115054.84712896
699,2021-12-01,208.01,208.93,217.79,205.01,69075.2465007
700,2021-12-02,208.88,203.7,210.19,200.12,65130.26921408
701,2021-12-03,203.86,188.27,208.22,180.06,78157.16360322
702,2021-12-04,188.12,162.99,189.25,126.8,340391.67204916
703,2021-12-05,163.04,156.61,165.07,148.17,135132.03136478
704,2021-12-06,156.67,161.51,164.71,141.62,119268.79961226
705,2021-12-07,161.54,162.13,166.02,158.33,68551.07943143
706,2021-12-08,162.13,165.22,170.32,156.1,78346.57642387
707,2021-12-09,165.26,151.56,167.13,151.4,79294.85411105
708,2021-12-10,151.5,148.51,160.05,147.66,120176.53367128
709,2021-12-11,148.55,158.14,159.58,145.81,85223.65143397
710,2021-12-12,158.29,159.12,162.96,153.37,53407.72661306
711,2021-12-13,159.01,144.69,159.94,142.91,82631.24389795
712,2021-12-14,144.72,150.71,152.05,143.16,64584.70577437
713,2021-12-15,150.48,153.66,155.21,141.86,70641.32860343
714,2021-12-16,153.67,148.87,156.78,148.65,46374.68744353
715,2021-12-17,148.92,144.08,150.41,141.24,54804.00869773
716,2021-12-18,144.01,148.79,150.4,142.9,30152.21543634
717,2021-12-19,148.84,153.31,161.07,147.68,86989.37355655
718,2021-12-20,153.31,152.81,157.47,145.29,69350.99934785
719,2021-12-21,152.75,154.86,156.47,149.1,69506.94422654
720,2021-12-22,154.78,155.43,160.17,153.02,68914.04752826
721,2021-12-23,155.5,163.72,165.2,153.19,82878.96468523
722,2021-12-24,163.74,161.18,166.82,160.23,57408.63375867
723,2021-12-25,161.43,157.89,163.68,157.58,45495.59493143
724,2021-12-26,157.85,155.93,158.55,153.16,66053.29130385
725,2021-12-27,155.99,156.02,161.37,154.59,42048.38485399
726,2021-12-28,155.92,145.68,155.95,144.44,71570.51259694
727,2021-12-29,145.75,145.41,150.99,144.09,73837.39151231
728,2021-12-30,145.58,148.1,150.05,142.61,65297.59292568
729,2021-12-31,148.04,146.16,152.82,143.75,65835.5442149
730,2022-01-01,146.2,150.72,151.03,146.18,38229.95151796
731,2022-01-02,150.8,151.14,153.42,147.83,41611.44451949
732,2022-01-03,151.13,148.42,151.25,146.0,52291.94226175
733,2022-01-04,148.42,146.52,151.67,145.28,56989.55390686
734,2022-01-05,146.52,135.28,149.92,129.93,102325.33709377
735,2022-01-06,135.32,136.03,138.11,132.4,120433.28396178
736,2022-01-07,135.89,131.24,136.54,126.0,145340.08123244
737,2022-01-08,131.37,129.33,134.69,124.84,93993.55593624
738,2022-01-09,129.41,130.84,132.59,127.8,54373.15114729
739,2022-01-10,130.85,126.55,131.54,120.73,97091.60900156
740,2022-01-11,126.5,131.67,133.5,125.82,81310.18195912
741,2022-01-12,131.57,142.01,142.18,130.95,69759.94129495
742,2022-01-13,141.96,136.81,142.34,134.6,73642.82457681
743,2022-01-14,136.89,144.69,146.46,135.9,120527.3426212
744,2022-01-15,144.85,147.66,150.73,144.03,84927.23532093
745,2022-01-16,147.73,146.41,149.0,143.23,50226.09972951
746,2022-01-17,146.46,151.27,154.04,143.98,131723.64699832
747,2022-01-18,151.25,141.58,153.5,138.66,126677.10253805
748,2022-01-19,141.54,136.12,143.1,133.21,54401.76804499
749,2022-01-20,136.34,129.92,142.96,128.97,44458.38698491
750,2022-01-21,129.67,114.85,131.12,109.65,106231.31780649
751,2022-01-22,114.6,108.48,117.12,96.335,133872.4304983
752,2022-01-23,108.56,112.37,112.9,105.74,78464.66165805
753,2022-01-24,112.43,109.59,112.47,97.409,136859.59460316
754,2022-01-25,109.62,107.9,110.0,105.31,37313.90105929
755,2022-01-26,107.97,107.06,116.68,104.78,66932.12025991
756,2022-01-27,106.93,107.15,110.03,102.94,74213.52102952
757,2022-01-28,107.02,109.53,110.16,105.29,43972.49238944
758,2022-01-29,109.47,110.72,112.41,107.64,36889.17020735
759,2022-01-30,110.87,108.76,112.3,107.1,37806.72851134
760,2022-01-31,108.66,109.61,111.48,104.4,53824.47119999
761,2022-02-01,109.55,115.06,116.99,108.29,48998.50757672
762,2022-02-02,115.15,108.36,116.0,107.31,46037.31926796
763,2022-02-03,108.25,110.99,111.23,105.5,33969.23697406
764,2022-02-04,111.19,121.38,121.48,108.84,59499.88610536
765,2022-02-05,121.47,121.93,123.89,118.9,48629.51993335
766,2022-02-06,121.83,127.68,128.25,120.69,44211.59694863
767,2022-02-07,127.72,137.45,139.91,125.15,81516.26748656
768,2022-02-08,137.55,133.74,142.93,130.65,83681.54190452
769,2022-02-09,133.93,140.15,141.12,132.12,57191.72424269
770,2022-02-10,140.23,134.67,144.07,133.9,77322.45028639
771,2022-02-11,134.75,125.8,134.93,124.92,73630.95233427
772,2022-02-12,125.75,126.66,127.74,121.05,55092.29963977
773,2022-02-13,126.79,125.7,128.97,123.57,29430.89497745
774,2022-02-14,125.86,124.7,127.06,121.43,31682.12394995
775,2022-02-15,124.62,131.65,132.69,124.06,38027.41802545
776,2022-02-16,131.75,127.76,131.84,125.56,28249.43371019
777,2022-02-17,127.94,116.44,129.07,115.0,67527.18164586
778,2022-02-18,116.38,114.97,123.59,114.24,122325.08452889
779,2022-02-19,114.94,115.71,117.3,113.08,34900.96976892
780,2022-02-20,115.66,110.73,115.81,108.58,39495.03735718
781,2022-02-21,110.82,102.94,114.7,102.09,64630.61894251
782,2022-02-22,102.85,107.59,107.99,100.38,56364.35127608
783,2022-02-23,107.58,105.57,111.59,105.04,42232.74089659
784,2022-02-24,105.58,104.34,108.05,91.673,113014.33154938
785,2022-02-25,104.33,109.31,110.71,101.71,46809.32409309
786,2022-02-26,109.46,108.21,115.38,106.66,37363.34929806
787,2022-02-27,108.34,103.03,110.23,101.36,38655.85909827
788,2022-02-28,103.04,113.87,114.03,101.32,56180.18105604
789,2022-03-01,113.87,112.67,116.31,110.02,47722.03692677
790,2022-03-02,112.74,110.39,114.8,109.2,33295.17136817
791,2022-03-03,110.4,111.88,113.11,107.9,41458.37753727
792,2022-03-04,111.88,101.1,112.71,99.027,41563.17650365
793,2022-03-05,101.1,104.93,105.4,99.45,19648.8495052
794,2022-03-06,104.91,101.19,106.06,100.71,20531.3918329
795,2022-03-07,101.14,98.45,103.98,96.274,35625.30582493
796,2022-03-08,98.43,100.75,102.65,97.791,25164.15001657
797,2022-03-09,100.8,106.97,109.32,100.51,25096.05113736
798,2022-03-10,107.06,102.61,107.15,99.691,22251.23987894
799,2022-03-11,102.59,104.53,106.92,99.761,25534.90286642
800,2022-03-12,104.5,105.47,107.99,104.5,10603.12612217
801,2022-03-13,105.51,101.71,107.48,101.01,9773.45918605
802,2022-03-14,101.72,105.79,106.48,100.82,21636.16535365
803,2022-03-15,105.65,107.0,108.7,102.63,20071.24046385
804,2022-03-16,107.01,111.47,112.29,105.79,33736.13008146
805,2022-03-17,111.39,110.3,111.77,108.73,10920.16783602
806,2022-03-18,110.25,112.0,113.0,107.88,12569.9593658
807,2022-03-19,111.86,116.76,117.35,111.37,24352.64121018
808,2022-03-20,116.82,114.77,118.47,111.29,19062.31644083
809,2022-03-21,114.92,116.14,116.79,112.92,15814.83849425
810,2022-03-22,116.09,122.79,124.31,115.64,45115.74410119
811,2022-03-23,122.79,122.55,124.52,118.61,14488.08460938
812,2022-03-24,122.42,126.44,127.7,120.06,26687.27181307
813,2022-03-25,126.41,123.95,127.28,121.65,16828.53952616
814,2022-03-26,123.92,124.9,125.61,121.97,11378.23483997
815,2022-03-27,124.93,129.55,129.71,123.31,19705.27040548
816,2022-03-28,129.65,127.43,132.71,126.78,28383.31187263
817,2022-03-29,127.5,130.03,132.01,127.07,26707.03498416
818,2022-03-30,130.08,131.04,134.09,125.59,34630.59211235
819,2022-03-31,131.07,123.91,132.86,121.08,44030.4329684
820,2022-04-01,123.84,124.96,126.46,119.17,15404.91586156
821,2022-04-02,124.95,124.79,128.36,123.63,28637.19310798
822,2022-04-03,124.83,128.7,129.52,123.76,20784.36997086
823,2022-04-04,128.83,124.81,128.83,121.19,25463.66798754
824,2022-04-05,124.8,122.79,127.33,122.53,13161.40953451
825,2022-04-06,122.65,111.78,123.24,111.25,49742.29489875
826,2022-04-07,111.67,114.14,114.98,110.09,12945.79020386
827,2022-04-08,114.05,110.76,115.26,109.57,25443.95283804
828,2022-04-09,110.69,112.65,112.98,110.06,19142.6869612
829,2022-04-10,112.72,110.26,114.57,110.08,23831.60115789
830,2022-04-11,110.32,102.59,110.7,102.0,49290.18907017
831,2022-04-12,102.58,104.97,105.84,101.74,33186.99218028
832,2022-04-13,104.97,110.61,110.84,104.02,51729.52871342
833,2022-04-14,110.59,107.4,112.33,106.01,43231.40178032
834,2022-04-15,107.31,111.03,112.96,107.04,57213.75347398
835,2022-04-16,110.96,114.42,114.96,110.24,37378.14584043
836,2022-04-17,114.41,108.88,115.23,108.36,35496.4293394
837,2022-04-18,108.81,111.29,111.56,105.28,48586.45619903
838,2022-04-19,111.36,111.79,112.37,111.36,2757.38749948
